2751.18, 2755.8, 2751.06, 2755.8, 2.11981487
2755.78, 2755.78, 2751.29, 2751.29, 0.37605485
2767.71, 2770.71, 2754.3, 2755.78, 13.92782639
2771.02, 2774.96, 2766.98, 2770.73, 9.069429309999999
2778.0, 2778.0, 2771.04, 2771.04, 5.1140358
2780.02, 2783.0, 2778.95, 2778.95, 9.29025552
2780.51, 2787.67, 2779.99, 2780.02, 6.4876996700000005
2773.97, 2781.58, 2773.97, 2780.81, 15.838417759999999
2770.02, 2774.34, 2770.0, 2773.96, 4.88759329
2768.03, 2774.0, 2766.18, 2769.96, 6.848217169999999
2768.03, 2768.03, 2766.32, 2766.32, 3.9079660599999997
2765.97, 2772.18, 2765.97, 2768.03, 3.9471491199999997
2769.98, 2769.98, 2765.96, 2765.96, 4.0001977
2769.98, 2769.98, 2769.98, 2769.98, 0.49100321
2765.96, 2765.96, 2765.96, 2765.96, 0.0625
2768.98, 2768.98, 2765.96, 2765.96, 0.7169380599999999
2766.37, 2767.16, 2765.96, 2767.16, 0.10555795999999999
2766.37, 2766.37, 2766.37, 2766.37, 0.10096263
2769.53, 2772.97, 2765.0, 2766.37, 1.6273183900000001
2765.04, 2769.46, 2765.04, 2765.04, 1.8794409799999998
2772.19, 2772.23, 2765.04, 2766.74, 0.14981031
2765.22, 2765.22, 2765.05, 2765.05, 0.07367659
2767.01, 2767.01, 2766.01, 2766.01, 0.13430338000000003
2767.01, 2771.97, 2767.01, 2771.97, 1.5215276599999998
2771.88, 2771.88, 2766.01, 2766.01, 0.21907976
2771.87, 2771.87, 2771.87, 2771.87, 11.0
2778.15, 2778.15, 2774.43, 2774.43, 0.94000871
2778.12, 2778.95, 2767.72, 2771.88, 26.278388729999996
2771.92, 2777.98, 2771.92, 2777.98, 2.9477710599999996
2767.79, 2775.93, 2767.77, 2775.93, 11.053052169999999
2770.79, 2771.91, 2767.79, 2767.79, 6.335891019999998
2775.0, 2775.0, 2770.78, 2770.78, 19.652615570000002
2780.0, 2780.0, 2777.87, 2778.95, 14.92308891
2787.89, 2787.89, 2782.96, 2782.96, 2.1815248
2794.6, 2794.6, 2787.58, 2789.93, 6.6262462300000005
2797.07, 2798.73, 2794.6, 2794.6, 9.923607150000002
2796.0, 2797.06, 2788.0, 2797.06, 11.3277189
2793.46, 2793.47, 2788.02, 2793.47, 3.1731742
2789.82, 2793.34, 2789.82, 2793.34, 0.51090919
2793.27, 2793.27, 2790.34, 2793.27, 5.24195325
2793.27, 2795.0, 2793.27, 2793.4, 2.97986612
2791.04, 2800.0, 2790.54, 2790.54, 9.341808369999999
2790.06, 2800.0, 2790.06, 2800.0, 1.69177925
2794.96, 2797.86, 2779.75, 2797.86, 14.1141492
2782.73, 2782.73, 2782.73, 2782.73, 0.1
2789.68, 2789.68, 2789.68, 2789.68, 0.1264557
2788.91, 2788.91, 2788.91, 2788.91, 0.0379669
2783.17, 2783.17, 2783.17, 2783.17, 0.00487767
2776.34, 2785.45, 2775.79, 2785.45, 3.8770554500000003
2774.25, 2776.32, 2770.0, 2776.32, 8.28113569
2770.01, 2772.0, 2770.01, 2770.01, 14.966606
2774.02, 2774.02, 2772.98, 2772.98, 3.590316
2774.85, 2774.95, 2771.01, 2774.01, 1.91622717
2770.01, 2774.95, 2770.01, 2771.01, 5.47172986
2770.0, 2774.73, 2770.0, 2770.0, 7.092646
2770.0, 2770.0, 2770.0, 2770.0, 1.0
2772.98, 2772.98, 2772.98, 2772.98, 0.65067555
2774.65, 2774.95, 2760.0, 2770.11, 57.564329789999995
2771.72, 2771.72, 2770.15, 2770.15, 7.02286331
2774.01, 2774.01, 2774.01, 2774.01, 0.08270338
2766.57, 2768.12, 2758.34, 2768.12, 8.510666040000002
2762.14, 2766.55, 2758.15, 2761.04, 2.9113978400000002
2761.09, 2765.58, 2761.09, 2762.12, 1.1490446699999999
2758.18, 2768.35, 2758.15, 2761.09, 1.4960923800000003
2765.58, 2768.17, 2758.25, 2768.17, 5.4198382800000005
2765.64, 2765.7, 2753.45, 2758.32, 23.018381370000004
2755.15, 2765.62, 2753.33, 2765.62, 13.696244010000003
2755.2, 2762.44, 2755.14, 2755.16, 28.653845629999996
2751.0, 2761.89, 2751.0, 2755.2, 18.47175243
2755.13, 2759.59, 2755.13, 2759.59, 1.8361729999999998
2760.0, 2760.0, 2755.09, 2755.09, 1.38665634
2759.99, 2759.99, 2753.03, 2753.03, 1.83432941
2760.0, 2760.0, 2754.01, 2754.01, 1.5675234
2768.5, 2768.5, 2766.79, 2766.82, 6.55845086
2769.47, 2769.95, 2755.57, 2760.01, 12.67401951
2768.99, 2769.49, 2758.43, 2769.44, 17.24327906
2768.89, 2768.89, 2768.89, 2768.89, 0.27537897
2768.89, 2768.89, 2764.6, 2764.62, 2.12276006
2762.75, 2768.89, 2755.49, 2768.89, 24.918502240000002
2759.67, 2763.72, 2759.67, 2763.72, 7.2723862200000005
2756.92, 2759.63, 2755.0, 2758.0, 16.067719699999998
2763.58, 2763.69, 2754.07, 2762.64, 2.5800163400000002
2754.0, 2762.46, 2754.0, 2754.24, 19.164316300000003
2763.49, 2763.56, 2754.0, 2757.56, 9.1105856
2763.74, 2763.74, 2754.1, 2754.3, 4.38228059
2755.55, 2762.48, 2755.11, 2755.11, 0.29683235999999996
2763.7, 2763.7, 2755.56, 2755.56, 0.72870312
2763.73, 2763.73, 2757.15, 2760.0, 2.80811594
2768.87, 2768.87, 2763.57, 2763.57, 8.609636939999998
2769.98, 2770.0, 2768.87, 2768.87, 11.04353372
2765.18, 2765.18, 2765.1, 2765.1, 0.13738843
2765.14, 2765.14, 2765.14, 2765.14, 0.06088216
2769.9, 2769.9, 2765.17, 2765.17, 1.14249362
2768.8, 2768.8, 2768.8, 2768.8, 0.03638348
2761.71, 2768.8, 2761.46, 2768.8, 0.11559048999999999
2768.8, 2768.8, 2761.99, 2768.8, 7.5065191
2770.0, 2770.0, 2768.8, 2768.8, 20.74522733
2771.56, 2775.0, 2768.94, 2770.0, 54.00466082
2775.0, 2775.0, 2771.56, 2771.56, 65.19573796
2783.5, 2783.5, 2775.85, 2775.85, 3.72290213
2784.8, 2785.0, 2780.02, 2783.5, 9.812977799999999
2797.75, 2797.83, 2782.02, 2784.8, 10.934557309999999
2795.0, 2798.0, 2788.17, 2797.95, 9.39791806
2795.0, 2795.0, 2788.29, 2788.29, 2.14137562
2795.0, 2795.0, 2788.39, 2788.39, 0.14390737
2789.08, 2794.84, 2789.08, 2794.84, 4.309909329999999
2789.14, 2795.0, 2789.08, 2789.1, 8.427972070000001
2779.56, 2793.99, 2779.56, 2793.99, 29.921758280000002
2779.88, 2787.99, 2777.85, 2778.01, 18.55262195
2787.97, 2787.97, 2779.92, 2779.92, 0.50357611
2787.98, 2788.0, 2787.97, 2787.97, 8.824427009999999
2787.98, 2787.99, 2787.98, 2787.98, 1.8452547400000001
2784.26, 2787.96, 2781.01, 2787.96, 10.199933829999999
2787.92, 2787.99, 2781.02, 2781.02, 6.11346601
2787.9, 2787.96, 2782.77, 2787.96, 2.25599073
2787.98, 2787.98, 2787.81, 2787.81, 0.04277752
2787.59, 2792.69, 2787.59, 2792.69, 0.42109357000000003
2783.16, 2783.16, 2783.05, 2783.05, 0.40280159000000004
2788.0, 2788.0, 2783.17, 2783.17, 7.82148664
2791.0, 2791.0, 2790.5, 2790.5, 0.72197098
2795.6, 2795.6, 2791.0, 2791.0, 18.845104510000002
2797.47, 2799.99, 2794.23, 2797.6, 27.710327760000006
2800.0, 2800.0, 2796.99, 2800.0, 45.170102230000005
2800.0, 2800.0, 2799.99, 2800.0, 67.50021688000001
2800.0, 2800.0, 2799.99, 2800.0, 24.018042679999997
2809.0, 2810.92, 2798.81, 2800.0, 12.217883249999998
2806.04, 2809.69, 2806.02, 2806.02, 3.7829596
2811.0, 2811.0, 2806.04, 2806.04, 11.01349989
2815.0, 2819.71, 2808.02, 2811.18, 7.4497854100000005
2820.0, 2832.4, 2815.0, 2815.0, 13.396147330000002
2818.0, 2832.4, 2817.04, 2832.4, 17.38136501
2818.03, 2825.56, 2818.01, 2818.02, 15.709069790000001
2820.02, 2828.83, 2818.0, 2818.03, 11.80370087
2820.38, 2827.99, 2820.02, 2820.02, 0.33828755
2832.0, 2832.0, 2824.0, 2824.0, 9.909650970000001
2824.98, 2825.0, 2821.94, 2824.99, 11.40163317
2821.97, 2824.99, 2821.94, 2824.98, 8.24746872
2811.25, 2820.84, 2806.43, 2820.0, 9.48294412
2811.0, 2815.0, 2810.11, 2811.27, 11.439765630000002
2812.0, 2812.0, 2810.0, 2810.99, 11.07346525
2814.99, 2815.0, 2812.33, 2812.33, 1.50570436
2814.95, 2814.99, 2811.1, 2814.99, 4.18887897
2814.99, 2814.99, 2811.13, 2811.13, 1.17402572
2814.99, 2814.99, 2814.97, 2814.98, 7.61934312
2815.0, 2815.0, 2811.51, 2815.0, 1.4829280000000002
2815.86, 2815.86, 2815.86, 2815.86, 0.06108089
2815.86, 2815.86, 2815.86, 2815.86, 2.6257908800000003
2815.86, 2815.86, 2815.86, 2815.86, 0.48935897
2815.86, 2819.44, 2815.86, 2819.44, 0.74213933
2811.51, 2815.86, 2811.51, 2815.86, 1.8678046
2812.66, 2812.66, 2811.48, 2811.48, 1.90471751
2818.51, 2818.51, 2815.0, 2815.0, 2.94461095
2818.53, 2818.53, 2818.53, 2818.53, 0.11218969
2810.41, 2819.54, 2810.41, 2819.54, 0.42975505999999997
2819.13, 2819.13, 2819.08, 2819.08, 14.55189781
2813.96, 2819.29, 2813.96, 2819.29, 1.2816725599999998
2819.26, 2819.28, 2819.26, 2819.28, 1.31940739
2819.27, 2819.27, 2819.26, 2819.26, 0.94275153
2819.26, 2819.97, 2819.26, 2819.26, 3.9853626600000003
2819.16, 2819.24, 2809.13, 2809.13, 0.43217278
2819.2, 2819.2, 2812.6, 2819.13, 2.97398583
2819.2, 2819.2, 2813.34, 2819.2, 0.49700128000000005
2820.57, 2820.57, 2814.16, 2819.15, 7.28924411
2829.93, 2829.93, 2820.68, 2820.85, 22.082605070000003
2826.11, 2829.95, 2826.0, 2829.95, 3.88703619
2829.98, 2829.98, 2826.18, 2826.18, 0.63571876
2831.0, 2831.0, 2827.11, 2827.11, 5.17853161
2827.95, 2833.64, 2827.94, 2832.89, 11.719767269999998
2826.46, 2833.0, 2826.46, 2833.0, 4.898694610000001
2826.62, 2830.58, 2826.57, 2830.58, 0.6519731299999999
2826.71, 2834.02, 2826.62, 2826.62, 4.2260704
2833.73, 2833.83, 2826.75, 2833.83, 0.51224296
2826.03, 2832.99, 2826.0, 2827.11, 7.816092960000001
2819.99, 2831.35, 2819.99, 2826.0, 10.336998740000002
2822.8, 2822.8, 2816.69, 2816.69, 0.93360353
2822.79, 2822.79, 2817.14, 2817.14, 3.5381630499999996
2817.22, 2817.22, 2817.0, 2817.01, 5.68016176
2817.04, 2817.04, 2817.02, 2817.02, 1.81977047
2816.69, 2822.75, 2816.69, 2817.05, 4.59195112
2806.36, 2816.35, 2806.36, 2816.35, 7.400914820000001
2805.27, 2814.56, 2800.35, 2800.35, 11.6385705
2808.98, 2811.67, 2800.02, 2811.67, 1.47512053
2807.0, 2808.98, 2806.96, 2808.98, 3.9754134300000006
2802.95, 2809.0, 2802.95, 2807.0, 1.39746337
2816.86, 2817.0, 2807.0, 2807.0, 2.32216854
2815.76, 2815.78, 2808.07, 2808.07, 0.45323586
2808.58, 2808.58, 2808.51, 2808.51, 1.64900668
2809.02, 2809.02, 2809.01, 2809.01, 0.6523916699999999
2814.54, 2814.54, 2809.01, 2809.01, 0.9097276400000001
2807.0, 2814.38, 2807.0, 2809.52, 7.0081003299999995
2811.71, 2814.01, 2811.71, 2814.01, 0.08707352
2809.68, 2811.62, 2807.0, 2811.62, 4.40090896
2807.13, 2807.13, 2807.02, 2807.02, 0.20680127999999998
2814.65, 2814.9, 2814.65, 2814.9, 0.63612202
2815.77, 2815.79, 2807.66, 2807.66, 3.25429756
2817.02, 2822.74, 2815.79, 2815.79, 7.8092415200000005
2820.99, 2822.55, 2811.21, 2817.02, 3.65664623
2819.99, 2820.97, 2814.42, 2820.97, 12.600551800000002
2819.72, 2819.98, 2814.53, 2819.98, 1.83539539
2812.73, 2818.0, 2812.72, 2817.99, 6.7173838
2816.49, 2816.99, 2816.48, 2816.99, 1.3872880899999998
2812.73, 2816.49, 2808.0, 2816.49, 4.33606246
2819.61, 2819.61, 2812.71, 2812.71, 1.5538033599999999
2812.41, 2817.0, 2811.4, 2811.41, 1.33057936
2811.49, 2816.69, 2811.43, 2812.41, 10.67729682
2811.54, 2816.0, 2811.46, 2811.5, 2.60624807
2817.99, 2817.99, 2817.99, 2817.99, 1.01160539
2814.01, 2819.42, 2812.35, 2817.99, 10.20337409
2822.0, 2822.0, 2814.03, 2820.0, 6.481027159999999
2815.01, 2822.0, 2815.01, 2822.0, 0.018663109999999997
2815.14, 2815.14, 2815.14, 2815.14, 0.046159
2821.85, 2821.85, 2821.81, 2821.81, 0.19468731
2825.0, 2825.0, 2822.0, 2822.0, 9.43291732
2822.8, 2828.85, 2815.79, 2826.39, 6.59113829
2829.9, 2829.9, 2822.8, 2822.8, 6.35383982
2829.03, 2830.0, 2822.87, 2822.87, 14.069487810000002
2829.99, 2830.0, 2824.98, 2829.93, 16.08888331
2830.02, 2830.5, 2825.06, 2830.0, 10.6629296
2831.03, 2834.99, 2830.02, 2830.02, 5.110387900000001
2836.11, 2836.11, 2831.51, 2834.98, 19.45240777
2835.12, 2836.58, 2835.0, 2835.0, 3.125816
2837.99, 2840.0, 2832.38, 2837.89, 3.8836263000000004
2834.69, 2837.99, 2832.0, 2832.02, 17.290835170000005
2836.66, 2840.34, 2834.42, 2838.0, 11.714676480000001
2833.16, 2840.0, 2832.47, 2832.47, 2.42125
2840.99, 2840.99, 2836.64, 2840.99, 0.06460954
2836.25, 2836.26, 2836.25, 2836.25, 3.58708487
2833.03, 2840.92, 2833.03, 2836.25, 2.4645515199999997
2840.99, 2840.99, 2833.66, 2833.67, 1.12773284
2841.62, 2841.62, 2833.96, 2840.99, 1.41610411
2836.65, 2841.62, 2836.65, 2841.62, 0.3641978
2836.69, 2840.79, 2836.65, 2836.65, 1.45676644
2840.04, 2842.12, 2840.04, 2842.0, 2.30545506
2834.46, 2842.11, 2834.2, 2842.11, 6.330431529999999
2826.8, 2833.21, 2826.8, 2833.0, 10.375759899999998
2839.46, 2839.46, 2826.8, 2826.8, 18.01964548
2834.15, 2834.15, 2834.15, 2834.15, 0.6472878
2827.0, 2834.12, 2827.0, 2834.12, 4.8459895500000005
2826.81, 2832.54, 2826.81, 2832.54, 0.9465301
2832.42, 2832.42, 2826.81, 2826.81, 1.03644095
2833.72, 2833.75, 2832.22, 2832.22, 0.22575585
2826.79, 2830.0, 2826.79, 2830.0, 2.90688202
2826.0, 2832.95, 2825.71, 2825.71, 5.582045089999999
2828.86, 2828.99, 2826.02, 2826.02, 2.4787492299999996
2822.08, 2827.26, 2822.08, 2826.01, 7.813589750000001
2814.86, 2820.01, 2814.77, 2820.01, 10.242607320000001
2814.51, 2819.98, 2814.51, 2819.27, 2.51236632
2817.0, 2818.39, 2814.01, 2816.62, 3.27989909
2826.82, 2826.82, 2815.01, 2818.5, 6.38654121
2826.77, 2826.77, 2826.77, 2826.77, 0.16232307
2820.02, 2825.15, 2820.02, 2825.15, 0.23058711999999998
2820.15, 2826.73, 2820.15, 2825.08, 2.02414377
2822.0, 2822.63, 2820.02, 2820.2, 7.151571559999999
2821.98, 2825.62, 2817.41, 2825.62, 3.42668692
2817.08, 2821.98, 2817.08, 2821.98, 1.06513883
2810.1, 2815.15, 2810.1, 2815.0, 6.482964470000001
2800.01, 2809.0, 2800.0, 2809.0, 12.18461459
2805.98, 2806.28, 2800.0, 2800.01, 7.68426588
2798.88, 2801.01, 2798.88, 2801.01, 27.347753309999995
2804.98, 2805.0, 2796.01, 2799.0, 14.90793322
2815.99, 2815.99, 2804.99, 2805.0, 15.1512766
2813.78, 2815.99, 2807.0, 2815.99, 6.2294354300000006
2807.11, 2818.98, 2807.11, 2813.77, 10.14320311
2805.0, 2807.13, 2805.0, 2807.11, 9.13745173
2803.78, 2805.64, 2802.0, 2804.0, 7.0540517099999995
2804.97, 2808.89, 2800.0, 2801.01, 10.1210878
2804.98, 2804.98, 2804.98, 2804.98, 2.9831640900000003
2805.0, 2805.0, 2805.0, 2805.0, 0.80225026
2808.54, 2808.54, 2802.2, 2808.49, 0.53349752
2804.6, 2807.41, 2804.6, 2806.93, 0.13395559
2808.51, 2808.51, 2803.0, 2807.4, 0.18905031
2803.0, 2808.48, 2803.0, 2803.02, 1.21178784
2806.98, 2806.98, 2806.98, 2806.98, 0.04079525
2806.99, 2806.99, 2803.06, 2806.98, 0.84236048
2807.01, 2807.01, 2807.0, 2807.0, 0.91994005
2806.99, 2806.99, 2804.09, 2804.09, 0.44319244
2809.45, 2811.61, 2809.45, 2811.61, 0.1607209
2818.39, 2818.97, 2811.61, 2811.61, 11.35331296
2818.99, 2818.99, 2818.97, 2818.98, 1.4109847
2816.51, 2816.51, 2815.91, 2815.91, 0.206248
2818.99, 2818.99, 2818.98, 2818.98, 1.14607445
2818.9, 2819.0, 2818.9, 2819.0, 4.42612148
2817.99, 2817.99, 2817.99, 2817.99, 0.35067706
2817.99, 2817.99, 2817.99, 2817.99, 0.04116409
2817.99, 2817.99, 2817.99, 2817.99, 0.27045752
2808.08, 2817.99, 2808.06, 2817.99, 10.931409999999998
2807.09, 2815.01, 2807.09, 2815.01, 10.50452397
2807.0, 2810.44, 2807.0, 2810.44, 0.45193536
2806.99, 2807.65, 2806.99, 2807.65, 0.9820443499999999
2794.58, 2805.0, 2794.58, 2805.0, 3.38252806
2791.51, 2798.0, 2785.0, 2794.58, 11.968737849999998
2781.0, 2793.44, 2781.0, 2785.0, 8.9330201
2784.83, 2787.95, 2779.0, 2781.0, 14.508040070000002
2787.99, 2787.99, 2779.0, 2784.83, 6.337374560000001
2793.42, 2793.42, 2784.01, 2787.98, 11.449883759999999
2792.96, 2793.4, 2784.0, 2793.4, 1.10608
2792.82, 2792.96, 2785.02, 2792.96, 2.67345268
2792.76, 2792.76, 2786.02, 2786.02, 1.51909413
2790.76, 2790.76, 2788.01, 2788.01, 4.67415878
2793.44, 2793.45, 2790.76, 2790.76, 1.69311424
2799.96, 2799.97, 2793.44, 2793.44, 12.575667959999999
2790.77, 2793.67, 2790.77, 2793.67, 0.044293280000000004
2799.84, 2799.86, 2790.95, 2799.86, 1.41790271
2805.0, 2805.0, 2791.74, 2799.99, 9.610621479999999
2805.0, 2805.0, 2801.72, 2804.12, 0.12822866
2798.02, 2804.42, 2797.72, 2797.72, 9.14520907
2798.06, 2804.4, 2798.05, 2804.4, 0.4023112
2802.99, 2802.99, 2798.16, 2798.16, 0.7011755
2801.29, 2801.29, 2801.29, 2801.29, 0.061608960000000004
2787.61, 2802.82, 2787.61, 2801.29, 1.4468434799999998
2802.47, 2802.52, 2795.28, 2802.52, 0.15373547
2797.2, 2802.96, 2797.18, 2801.6, 1.67380519
2797.22, 2797.22, 2797.22, 2797.22, 0.06210009
2802.93, 2802.97, 2797.55, 2797.55, 0.5245054800000001
2800.67, 2802.93, 2797.67, 2797.67, 0.33447511
2802.92, 2802.93, 2800.67, 2800.67, 0.9288074700000001
2802.99, 2802.99, 2802.99, 2802.99, 0.67910198
2802.99, 2803.0, 2802.99, 2802.99, 2.83597494
2798.34, 2802.0, 2798.34, 2802.0, 0.01299814
2803.0, 2803.0, 2802.0, 2802.0, 0.4378
2803.0, 2803.0, 2799.47, 2802.99, 4.09277923
2806.0, 2806.0, 2803.0, 2803.0, 6.03615955
2810.0, 2810.0, 2802.12, 2806.0, 13.807938170000002
2817.99, 2817.99, 2810.77, 2810.77, 8.427894040000002
2807.74, 2818.0, 2807.59, 2818.0, 0.43095275
2808.02, 2817.65, 2807.95, 2817.65, 2.5881689999999997
2808.17, 2808.22, 2808.16, 2808.16, 14.074654460000001
2808.15, 2813.17, 2808.15, 2808.16, 3.83085018
2810.45, 2810.54, 2804.35, 2810.54, 1.4466272500000001
2793.69, 2804.35, 2793.66, 2804.35, 11.48014417
2801.2, 2805.83, 2793.66, 2793.66, 6.89780368
2794.56, 2804.52, 2794.37, 2804.52, 1.62424398
2800.12, 2800.12, 2800.12, 2800.12, 0.18939984
2802.76, 2802.76, 2797.37, 2800.13, 1.41564723
2803.65, 2805.76, 2797.79, 2797.79, 2.28121127
2803.67, 2803.67, 2803.67, 2803.67, 0.15330994
2803.67, 2805.77, 2803.67, 2803.67, 4.312371870000001
2803.69, 2803.69, 2803.69, 2803.69, 0.05835477
2809.22, 2809.22, 2803.69, 2803.69, 4.723448599999999
2808.45, 2810.65, 2803.68, 2803.68, 9.142259
2803.69, 2803.69, 2803.69, 2803.69, 3.0
2803.69, 2809.94, 2803.69, 2809.94, 3.29112511
2810.97, 2810.97, 2810.6, 2810.6, 7.624599999999999
2816.99, 2816.99, 2811.13, 2811.13, 8.046503180000002
2819.17, 2819.17, 2814.63, 2817.87, 8.17402525
2819.16, 2819.16, 2819.16, 2819.16, 0.83149945
2811.62, 2811.62, 2811.62, 2811.62, 2.56016971
2812.04, 2818.96, 2811.8, 2818.96, 1.2440758900000002
2811.16, 2812.29, 2811.15, 2812.29, 2.64141936
2810.86, 2812.0, 2810.86, 2812.0, 0.3108377
2822.61, 2822.61, 2810.87, 2812.0, 6.68428461
2825.17, 2825.17, 2823.29, 2823.33, 3.29259035
2820.0, 2824.91, 2820.0, 2824.91, 0.22255013
2819.98, 2819.98, 2819.98, 2819.98, 0.05132619
2812.62, 2819.98, 2812.62, 2819.98, 2.38686126
2813.4, 2819.98, 2813.13, 2819.98, 0.15470606
2823.61, 2823.61, 2822.17, 2822.17, 2.01017396
2826.75, 2826.75, 2821.07, 2821.07, 7.603878230000001
2826.31, 2826.77, 2826.31, 2826.71, 2.738733
2823.65, 2823.89, 2823.65, 2823.89, 3.0202174
2821.34, 2823.65, 2821.34, 2823.65, 0.7139947
2821.33, 2821.34, 2819.84, 2821.34, 4.7894925100000005
2814.8, 2821.22, 2814.79, 2821.22, 6.09838349
2816.59, 2816.59, 2814.79, 2814.79, 1.2978170800000002
2814.2, 2816.58, 2814.2, 2814.79, 2.49272017
2808.01, 2814.33, 2808.01, 2810.85, 8.94423734
2803.67, 2811.77, 2803.67, 2808.0, 8.956244609999999
2802.06, 2803.09, 2801.42, 2803.06, 7.14771766
2803.02, 2811.06, 2803.02, 2803.02, 0.21772484
2803.0, 2803.01, 2803.0, 2803.01, 0.53348147
2808.31, 2808.31, 2808.31, 2808.31, 0.03267801
2800.03, 2804.84, 2800.03, 2804.84, 2.97106547
2795.0, 2800.0, 2795.0, 2800.0, 26.595858790000005
2790.22, 2796.0, 2790.22, 2795.02, 21.095357289999995
2792.01, 2792.01, 2786.0, 2790.22, 7.96338802
2791.34, 2793.81, 2783.0, 2785.0, 11.036181280000003
2788.2, 2791.32, 2782.99, 2791.32, 14.136312349999999
2795.85, 2796.32, 2789.99, 2789.99, 7.46043111
2795.56, 2795.81, 2790.0, 2795.81, 1.26315688
2790.03, 2790.03, 2790.03, 2790.03, 0.01675872
2794.62, 2794.62, 2790.19, 2790.19, 1.63425631
2791.16, 2792.3, 2791.16, 2792.3, 0.509612
2794.16, 2794.16, 2791.21, 2792.3, 1.59589923
2793.04, 2799.45, 2793.04, 2799.45, 0.09978144
2800.0, 2800.0, 2796.01, 2799.99, 1.6768361600000001
2809.25, 2809.25, 2800.0, 2800.0, 4.910579199999999
2819.95, 2820.0, 2809.99, 2810.0, 36.237094770000006
2819.95, 2820.0, 2818.38, 2819.95, 11.178937359999999
2812.01, 2812.01, 2812.01, 2812.01, 4.7533
2805.23, 2812.01, 2805.13, 2810.38, 13.946998060000002
2806.0, 2806.0, 2806.0, 2806.0, 0.56609192
2805.44, 2806.47, 2805.41, 2806.45, 9.04714866
2814.65, 2814.65, 2805.46, 2805.46, 0.0533634
2805.84, 2814.13, 2805.84, 2814.13, 0.05708922
2806.56, 2806.56, 2806.56, 2806.56, 0.21481475
2806.59, 2806.59, 2806.59, 2806.59, 0.0349345
2806.01, 2809.86, 2806.0, 2806.0, 1.8705287299999998
2809.85, 2809.85, 2806.01, 2806.01, 0.9668060599999999
2806.12, 2813.53, 2806.12, 2812.93, 0.66416782
2813.72, 2813.72, 2813.72, 2813.72, 0.200756
2806.01, 2806.19, 2806.01, 2806.19, 0.75359
2806.0, 2806.0, 2806.0, 2806.0, 0.18716618000000002
2801.0, 2807.97, 2801.0, 2807.97, 4.97875056
2800.47, 2801.0, 2786.62, 2801.0, 9.949046099999999
2803.29, 2803.29, 2800.43, 2800.43, 0.34193944
2800.47, 2800.47, 2800.47, 2800.47, 3.0414263999999998
2801.66, 2801.9, 2801.0, 2801.9, 0.1447511
2801.8, 2801.8, 2801.59, 2801.59, 5.8617580600000005
2801.01, 2802.77, 2801.01, 2802.23, 0.84546334
2805.85, 2805.99, 2805.85, 2805.99, 0.22270259
2801.1, 2805.33, 2801.1, 2805.33, 0.5165513899999999
2805.7, 2805.7, 2803.88, 2803.88, 8.466329900000002
2810.86, 2810.94, 2807.49, 2807.49, 8.538521620000001
2810.44, 2810.93, 2810.44, 2810.92, 2.11592597
2810.44, 2810.44, 2810.44, 2810.44, 0.03265325
2803.19, 2806.04, 2803.19, 2806.04, 0.08348651
2806.04, 2806.04, 2806.04, 2806.04, 0.2514391
2803.19, 2803.19, 2803.19, 2803.19, 0.15
2803.61, 2803.61, 2803.61, 2803.61, 0.01783097
2802.15, 2802.15, 2802.15, 2802.15, 0.47763562
2809.99, 2812.1, 2806.04, 2806.04, 8.84131646
2803.49, 2812.1, 2803.49, 2812.1, 0.02270566
2804.72, 2804.72, 2804.72, 2804.72, 0.008002
2811.98, 2812.0, 2804.86, 2804.86, 0.32881507
2811.98, 2811.98, 2809.01, 2811.98, 4.3578060899999995
2804.47, 2809.92, 2804.47, 2809.92, 0.11153955
2804.85, 2804.85, 2804.8, 2804.83, 6.00154671
2804.02, 2804.81, 2804.02, 2804.8, 0.16194899999999998
2804.54, 2806.02, 2804.54, 2804.81, 2.0148478599999997
2804.89, 2804.89, 2804.89, 2804.89, 0.49154
2804.18, 2806.9, 2804.15, 2804.91, 2.3989477500000005
2804.32, 2808.99, 2804.32, 2808.9, 4.28099906
2808.79, 2808.79, 2804.45, 2804.45, 0.6260805700000001
2809.0, 2809.0, 2808.47, 2808.47, 2.800125
2805.0, 2808.96, 2805.0, 2808.96, 6.0
2815.21, 2815.22, 2808.99, 2808.99, 23.676875690000003
2819.95, 2819.95, 2815.21, 2815.24, 5.54217538
2815.16, 2820.0, 2815.16, 2819.95, 9.81573123
2815.16, 2815.16, 2815.16, 2815.16, 0.190872
2820.01, 2820.01, 2815.19, 2818.8, 6.33095997
2823.96, 2823.96, 2817.35, 2820.54, 15.443512900000002
2824.74, 2826.01, 2817.38, 2817.38, 23.161678740000003
2829.55, 2829.55, 2822.31, 2822.36, 19.099260100000002
2824.94, 2827.99, 2824.8, 2824.8, 5.18758732
2818.75, 2824.88, 2812.67, 2824.88, 19.561503050000002
2821.55, 2832.89, 2821.55, 2823.87, 16.06346843
2828.71, 2831.9, 2825.25, 2831.9, 3.3561540799999996
2828.99, 2829.47, 2825.35, 2829.47, 10.175076449999999
2835.0, 2835.0, 2828.76, 2829.82, 23.98310618
2834.85, 2834.85, 2833.39, 2833.39, 0.62872765
2829.7, 2833.67, 2827.58, 2827.58, 1.5786950300000002
2829.84, 2834.0, 2827.77, 2827.77, 5.43595803
2833.5, 2834.64, 2829.87, 2833.98, 3.8162504999999998
2833.48, 2833.49, 2832.34, 2832.35, 3.7789176700000002
2834.64, 2834.64, 2830.03, 2832.34, 8.16648033
2835.71, 2835.71, 2832.44, 2834.85, 17.857446699999997
2830.04, 2835.72, 2830.01, 2835.71, 10.02735525
2833.99, 2833.99, 2833.99, 2833.99, 0.071069
2830.0, 2830.02, 2830.0, 2830.02, 0.05634342
2833.97, 2833.97, 2831.98, 2831.98, 4.1058012
2831.27, 2833.97, 2831.27, 2833.97, 2.24352142
2833.97, 2833.97, 2831.27, 2831.27, 9.18746548
2834.96, 2834.96, 2831.66, 2834.92, 6.38448332
2834.26, 2835.86, 2830.05, 2835.0, 10.47121121
2830.3, 2834.26, 2830.19, 2834.26, 1.0065126800000002
2830.45, 2834.02, 2830.39, 2830.39, 3.9202167200000004
2829.17, 2833.38, 2829.17, 2831.35, 8.555
2827.05, 2830.3, 2824.73, 2830.3, 12.65583569
2821.53, 2829.57, 2821.53, 2824.73, 10.568146400000002
2821.01, 2821.67, 2821.01, 2821.56, 8.02189675
2824.07, 2824.07, 2820.0, 2821.0, 0.92492888
2824.07, 2824.07, 2824.06, 2824.06, 2.46131693
2824.07, 2824.07, 2820.01, 2824.06, 2.7343239500000003
2824.58, 2824.58, 2824.07, 2824.07, 2.0427366
2824.09, 2824.09, 2824.09, 2824.09, 0.0324
2824.69, 2824.72, 2824.69, 2824.72, 0.84089779
2824.51, 2827.53, 2824.14, 2824.69, 16.42476404
2824.52, 2824.52, 2824.51, 2824.51, 3.28366551
2829.4, 2829.4, 2826.25, 2827.5, 14.56502775
2829.41, 2829.57, 2824.68, 2829.4, 0.86793529
2824.32, 2829.57, 2824.32, 2829.41, 0.66866585
2824.8, 2824.8, 2824.8, 2824.8, 0.08466855
2829.57, 2829.57, 2824.16, 2829.57, 0.63816595
2824.87, 2824.87, 2824.12, 2824.83, 4.9565065200000005
2824.16, 2824.37, 2824.16, 2824.37, 0.59024113
2824.24, 2824.24, 2824.16, 2824.16, 0.617034
2823.45, 2824.51, 2823.14, 2824.24, 6.03831164
2822.72, 2827.49, 2822.71, 2823.45, 12.36399848
2817.83, 2826.7, 2817.83, 2818.88, 13.84189318
2823.33, 2823.33, 2817.83, 2817.84, 3.55190856
2823.33, 2823.33, 2818.75, 2823.12, 1.1472094400000001
2823.33, 2823.33, 2823.33, 2823.33, 0.0385123
2817.82, 2823.0, 2817.82, 2821.21, 8.1609018
2814.22, 2822.96, 2814.21, 2822.96, 10.25634667
2821.51, 2821.52, 2813.58, 2813.58, 6.192562110000001
2813.7, 2821.19, 2813.67, 2813.67, 5.4174074
2819.39, 2819.41, 2813.12, 2819.41, 4.36236129
2819.26, 2819.41, 2810.0, 2818.41, 6.704931919999999
2818.9, 2819.42, 2818.9, 2819.22, 0.5796929399999999
2819.41, 2819.42, 2816.65, 2819.42, 0.58166496
2825.39, 2825.39, 2819.42, 2819.42, 2.6024996799999998
2822.31, 2822.31, 2819.44, 2822.31, 1.4521023
2819.45, 2823.41, 2819.45, 2822.31, 0.06725176
2823.4, 2823.4, 2819.44, 2821.29, 1.4118899100000002
2823.4, 2823.4, 2818.78, 2823.4, 4.49068804
2818.44, 2818.44, 2818.44, 2818.44, 0.104
2823.4, 2823.4, 2817.75, 2817.75, 2.06446639
2822.99, 2822.99, 2822.99, 2822.99, 0.17989606
2817.93, 2822.99, 2817.93, 2822.99, 0.54655792
2822.99, 2822.99, 2817.93, 2822.99, 3.59016933
2822.97, 2822.99, 2817.22, 2817.22, 1.4026588999999998
2819.78, 2821.31, 2819.78, 2821.31, 0.99296102
2817.04, 2827.45, 2817.04, 2825.0, 3.3551068099999997
2824.58, 2824.58, 2824.58, 2824.58, 0.02153728
2819.58, 2819.58, 2818.91, 2818.91, 0.18403885
2827.0, 2827.0, 2827.0, 2827.0, 1.89162431
2824.8, 2828.0, 2824.8, 2827.0, 8.14904522
2827.55, 2829.9, 2827.55, 2828.73, 0.92075726
2828.0, 2828.0, 2827.55, 2827.55, 0.9026335900000001
2828.0, 2828.0, 2828.0, 2828.0, 1.32285639
2820.79, 2820.79, 2820.79, 2820.79, 0.1004
2820.07, 2820.07, 2820.02, 2820.02, 0.81455145
2823.1, 2823.1, 2819.95, 2819.95, 2.54447094
2823.1, 2823.1, 2819.96, 2819.96, 1.1017989400000001
2825.65, 2825.65, 2823.1, 2823.1, 0.7238189800000001
2825.65, 2825.65, 2825.65, 2825.65, 0.06651213
2819.95, 2820.2, 2819.95, 2820.2, 8.31103595
2813.74, 2819.95, 2813.69, 2819.95, 4.25793904
2810.01, 2819.04, 2810.0, 2813.69, 4.80135531
2810.02, 2810.02, 2810.0, 2810.0, 2.0
2817.05, 2817.05, 2810.14, 2810.14, 3.20756508
2822.36, 2822.37, 2811.59, 2811.59, 7.747671899999999
2817.18, 2817.18, 2817.06, 2817.06, 0.055999999999999994
2822.35, 2822.35, 2822.35, 2822.35, 0.0059091
2822.35, 2822.35, 2822.35, 2822.35, 4.0084439099999996
2817.18, 2822.35, 2817.18, 2822.35, 0.04351545
2817.18, 2822.06, 2817.18, 2822.06, 0.14180800000000002
2814.67, 2822.36, 2814.67, 2817.06, 3.4945581199999998
2822.37, 2822.37, 2819.59, 2819.59, 3.5357931900000006
2817.03, 2817.03, 2817.03, 2817.03, 0.112609
2821.99, 2821.99, 2821.99, 2821.99, 0.50341874
2821.99, 2821.99, 2821.99, 2821.99, 0.0694
2825.65, 2825.65, 2822.0, 2822.0, 4.4922232499999994
2828.17, 2829.99, 2826.99, 2827.0, 10.39818454
2830.02, 2830.02, 2828.28, 2828.28, 7.15821716
2830.03, 2832.97, 2830.03, 2830.03, 1.40159158
2830.03, 2830.03, 2830.03, 2830.03, 0.00684296
2832.98, 2832.98, 2832.98, 2832.98, 0.0086389
2833.35, 2833.35, 2832.99, 2832.99, 1.787
2838.22, 2838.22, 2833.7, 2833.7, 4.562141210000001
2840.0, 2840.0, 2838.28, 2838.28, 4.17786655
2842.01, 2842.01, 2841.0, 2841.0, 4.37560825
2834.03, 2842.29, 2834.03, 2842.29, 21.747873759999997
2827.65, 2840.06, 2827.36, 2834.19, 11.30141059
2827.64, 2827.64, 2827.64, 2827.64, 1.0
2828.48, 2828.48, 2828.48, 2828.48, 0.80467146
2839.75, 2839.75, 2828.86, 2828.86, 3.62235623
2834.48, 2839.78, 2834.48, 2839.78, 4.82135769
2835.15, 2839.78, 2835.15, 2839.78, 2.12725504
2835.16, 2839.74, 2835.15, 2835.15, 0.55005593
2839.74, 2839.74, 2835.16, 2835.16, 1.38638658
2835.19, 2835.19, 2835.19, 2835.19, 0.034712
2827.03, 2839.43, 2827.03, 2839.43, 4.35397941
2829.43, 2829.46, 2820.46, 2827.03, 6.42647118
2820.95, 2829.53, 2820.95, 2829.31, 7.223608680000001
2829.28, 2829.55, 2820.95, 2820.95, 3.70556095
2834.87, 2834.9, 2829.56, 2829.56, 1.44832098
2830.74, 2839.56, 2830.74, 2834.9, 0.72816843
2830.8, 2830.8, 2830.79, 2830.79, 0.07560287
2831.0, 2831.0, 2831.0, 2831.0, 1.459
2831.02, 2833.72, 2831.02, 2833.7, 2.2589231
2833.72, 2833.72, 2833.72, 2833.72, 0.119419
2830.01, 2831.0, 2830.01, 2831.0, 2.1568831099999994
2830.0, 2839.59, 2830.0, 2830.99, 13.48287918
2838.73, 2839.59, 2830.01, 2839.59, 1.1217682500000001
2825.51, 2831.46, 2822.71, 2830.01, 7.309726159999999
2825.63, 2831.46, 2825.62, 2831.46, 5.41625152
2832.85, 2832.85, 2827.52, 2831.0, 0.6288487399999999
2832.32, 2832.71, 2824.82, 2832.71, 3.0105111599999996
2825.24, 2832.7, 2825.24, 2832.7, 0.08259616
2825.57, 2832.84, 2825.47, 2832.84, 2.07946565
2832.84, 2832.84, 2825.63, 2832.84, 3.3249102899999996
2837.36, 2837.36, 2832.06, 2832.85, 3.33105939
2835.52, 2838.99, 2835.52, 2837.62, 11.240817770000001
2835.52, 2835.52, 2835.52, 2835.52, 0.44781777
2838.49, 2838.98, 2835.52, 2835.52, 3.0200534500000003
2838.0, 2838.0, 2831.38, 2837.99, 5.410810390000001
2837.03, 2838.99, 2831.28, 2837.99, 9.41610075
2831.67, 2831.67, 2831.67, 2831.67, 0.007591
2831.92, 2836.9, 2831.87, 2831.87, 0.32674661
2831.65, 2831.65, 2831.65, 2831.65, 0.95
2831.67, 2831.98, 2831.67, 2831.98, 0.748645
2831.67, 2836.95, 2831.67, 2831.67, 0.34234615
2831.67, 2831.67, 2831.67, 2831.67, 0.172
2831.65, 2835.0, 2831.65, 2831.67, 3.05711251
2834.99, 2834.99, 2834.99, 2834.99, 3.2005
2832.01, 2832.01, 2832.01, 2832.01, 0.25913347
2837.03, 2837.03, 2835.0, 2835.0, 16.7968
2843.0, 2843.0, 2837.03, 2837.03, 10.33231181
2846.0, 2846.0, 2843.29, 2843.29, 31.05286349
2842.95, 2850.61, 2842.95, 2846.67, 22.941143699999998
2843.38, 2849.0, 2843.29, 2843.29, 0.7110478
2837.68, 2843.38, 2837.68, 2843.38, 7.81295445
2836.06, 2836.27, 2836.05, 2836.05, 11.171050119999999
2836.05, 2841.65, 2836.05, 2841.65, 2.9179846300000003
2839.99, 2839.99, 2839.99, 2839.99, 8.87815445
2836.12, 2838.8, 2836.12, 2838.8, 5.3602
2847.03, 2847.03, 2836.29, 2836.29, 17.39353246
2849.99, 2849.99, 2847.03, 2847.53, 18.75150018
2847.03, 2849.99, 2847.03, 2847.03, 3.3370257399999996
2847.13, 2847.13, 2847.13, 2847.13, 1.0
2847.15, 2849.98, 2847.15, 2849.98, 0.85847913
2847.15, 2849.98, 2847.15, 2849.98, 0.5169047600000001
2847.15, 2849.86, 2847.15, 2849.86, 0.04795186
2848.99, 2848.99, 2847.16, 2847.16, 0.41364122000000003
2848.99, 2848.99, 2848.99, 2848.99, 0.00402014
2847.16, 2847.28, 2847.16, 2847.28, 8.52945774
2842.94, 2847.17, 2842.94, 2847.16, 3.02926939
2838.66, 2844.33, 2838.66, 2842.92, 14.347607940000001
2841.18, 2846.53, 2836.85, 2838.65, 10.776951819999999
2836.23, 2841.18, 2836.09, 2841.18, 0.3702072
2836.51, 2839.97, 2836.51, 2839.97, 4.68327604
2839.99, 2839.99, 2839.99, 2839.99, 0.08615845
2844.97, 2844.97, 2840.0, 2840.0, 3.3578712399999997
2844.97, 2844.97, 2844.97, 2844.97, 2.0
2846.56, 2846.56, 2845.0, 2845.0, 3.18976012
2848.96, 2848.96, 2845.0, 2846.56, 7.01236229
2848.99, 2848.99, 2848.98, 2848.98, 1.0
2848.98, 2848.98, 2848.96, 2848.96, 1.27791425
2848.96, 2848.96, 2848.96, 2848.96, 0.032
2848.96, 2848.96, 2848.96, 2848.96, 0.35097374
2848.96, 2848.98, 2848.96, 2848.98, 0.19136245999999998
2852.3, 2853.0, 2849.0, 2849.0, 19.166988940000007
2854.0, 2854.0, 2852.25, 2853.98, 8.5936
2853.99, 2853.99, 2851.12, 2851.12, 0.63120903
2854.0, 2854.0, 2851.13, 2854.0, 7.46151403
2851.13, 2855.0, 2851.13, 2854.0, 24.22105832
2855.0, 2855.0, 2855.0, 2855.0, 1.66877165
2851.13, 2855.0, 2851.13, 2855.0, 3.12912242
2849.99, 2851.13, 2849.99, 2851.13, 5.47891708
2844.87, 2844.87, 2844.72, 2844.72, 3.68677569
2844.44, 2850.17, 2844.43, 2844.5, 18.584586469999998
2836.74, 2844.44, 2836.74, 2844.44, 12.315180279999998
2836.07, 2839.34, 2836.07, 2836.69, 8.57044545
2836.69, 2836.69, 2836.05, 2836.69, 1.9650618000000002
2838.87, 2838.87, 2836.05, 2836.05, 2.08711173
2836.0, 2841.69, 2836.0, 2838.93, 6.29457947
2844.27, 2844.28, 2844.25, 2844.25, 1.9074831
2837.16, 2837.16, 2837.16, 2837.16, 0.325127
2837.36, 2843.99, 2837.36, 2843.99, 1.2748964500000002
2837.52, 2843.97, 2837.49, 2837.51, 0.8628751800000001
2844.0, 2844.0, 2843.99, 2843.99, 4.59073922
2840.01, 2840.01, 2840.01, 2840.01, 0.5385
2849.01, 2849.01, 2844.27, 2844.27, 2.6485989
2853.24, 2853.27, 2844.23, 2849.01, 6.977805159999999
2845.67, 2853.61, 2845.67, 2853.61, 0.2752
2846.15, 2846.15, 2846.1, 2846.1, 0.25004322
2850.0, 2850.0, 2850.0, 2850.0, 0.82250175
2849.73, 2850.0, 2846.58, 2850.0, 1.08939
2849.0, 2849.0, 2849.0, 2849.0, 0.24141032
2850.3, 2850.3, 2849.0, 2849.0, 0.15401329
2850.31, 2851.59, 2850.3, 2850.31, 0.67526505
2850.3, 2850.31, 2850.3, 2850.31, 1.3798531
2848.87, 2850.3, 2848.87, 2850.3, 0.93090341
2847.12, 2848.19, 2847.12, 2848.19, 0.67922338
2847.08, 2851.49, 2847.08, 2851.49, 0.69344118
2846.99, 2847.01, 2846.99, 2847.01, 4.76058335
2848.95, 2848.99, 2848.95, 2848.99, 1.01123649
2843.4, 2848.95, 2843.24, 2848.95, 3.65967517
2839.52, 2846.43, 2838.28, 2842.52, 12.56951714
2836.0, 2838.76, 2836.0, 2838.76, 5.90618117
2831.27, 2835.99, 2831.27, 2835.98, 4.973722529999999
2825.54, 2831.24, 2825.54, 2831.24, 5.526498
2815.89, 2828.14, 2815.89, 2825.52, 31.833060659999997
2811.58, 2830.3, 2811.58, 2830.0, 4.39375901
2820.41, 2824.87, 2808.6, 2811.58, 36.066795039999995
2824.47, 2824.55, 2819.57, 2821.9, 3.1186612699999996
2828.0, 2828.0, 2824.47, 2824.47, 9.1660854
2829.4, 2829.4, 2821.55, 2829.39, 1.44781519
2829.43, 2829.43, 2829.42, 2829.42, 2.4245835199999997
2830.2, 2830.2, 2829.43, 2829.43, 0.97029851
2835.03, 2837.7, 2829.41, 2829.43, 9.28807067
2828.68, 2829.57, 2828.68, 2829.57, 7.81471135
2830.0, 2830.99, 2824.36, 2830.99, 12.8976777
2829.71, 2829.71, 2824.49, 2829.66, 1.02714296
2829.7, 2829.71, 2829.7, 2829.71, 0.30057631
2828.53, 2828.53, 2825.24, 2826.87, 0.22552448
2828.34, 2828.53, 2825.45, 2828.53, 2.3907133799999998
2825.01, 2828.34, 2825.01, 2828.34, 7.99707144
2831.75, 2831.8, 2825.05, 2825.46, 6.59558129
2827.01, 2827.01, 2826.02, 2826.02, 1.15734753
2821.79, 2827.02, 2821.79, 2827.02, 11.881189430000001
2815.78, 2821.79, 2815.78, 2821.79, 9.745757610000002
2809.0, 2819.1, 2809.0, 2815.8, 41.488446149999994
2801.08, 2808.14, 2800.44, 2808.14, 42.12007033
2800.04, 2802.77, 2798.23, 2801.08, 35.55886557
2796.01, 2801.48, 2795.01, 2800.04, 22.57744059
2801.92, 2801.92, 2795.0, 2796.03, 10.842439610000001
2823.13, 2828.4, 2802.01, 2802.01, 15.368566110000003
2827.47, 2828.29, 2817.88, 2817.88, 8.37773809
2818.95, 2818.95, 2818.94, 2818.94, 2.0
2812.01, 2820.7, 2811.01, 2818.94, 13.285904440000001
2818.7, 2818.7, 2810.0, 2812.0, 3.16805285
2810.01, 2818.55, 2810.01, 2810.09, 0.5260295599999999
2801.29, 2814.36, 2801.29, 2814.36, 4.50658909
2801.24, 2804.41, 2801.24, 2802.0, 7.457502
2800.0, 2802.52, 2799.99, 2801.0, 7.39529282
2799.99, 2805.51, 2799.99, 2805.51, 17.40668484
2804.99, 2804.99, 2804.97, 2804.97, 0.41410363
2804.55, 2804.94, 2804.55, 2804.94, 4.700476589999999
2804.88, 2804.89, 2800.21, 2803.99, 3.16913592
2804.79, 2804.84, 2803.98, 2803.99, 1.1658110899999998
2804.68, 2804.68, 2803.98, 2803.98, 0.13173599000000003
2804.0, 2804.68, 2804.0, 2804.68, 0.26805867
2803.13, 2804.89, 2800.21, 2804.89, 5.2970437399999994
2799.99, 2800.2, 2799.99, 2800.2, 16.754340860000003
2803.69, 2803.76, 2803.69, 2803.76, 9.43085125
2810.81, 2810.82, 2804.94, 2804.94, 7.673609409999999
2815.0, 2815.0, 2811.32, 2811.32, 7.924767620000001
2815.0, 2815.0, 2812.53, 2815.0, 12.584022760000002
2818.0, 2818.0, 2815.0, 2815.0, 15.522123
2822.14, 2822.14, 2816.43, 2816.43, 1.1995554699999997
2829.65, 2829.65, 2824.96, 2824.96, 7.0518003700000005
2827.5, 2827.5, 2821.11, 2821.11, 0.37541565
2819.7, 2821.01, 2819.7, 2821.01, 5.27361625
2815.41, 2819.99, 2815.41, 2819.99, 1.0951
2815.53, 2815.53, 2815.53, 2815.53, 0.01664056
2819.24, 2819.3, 2815.4, 2819.3, 13.09211096
2819.53, 2819.53, 2815.01, 2815.01, 1.37941395
2816.03, 2816.03, 2816.03, 2816.03, 0.03264213
2816.03, 2816.03, 2816.03, 2816.03, 0.015974
2815.01, 2819.54, 2815.01, 2816.08, 2.93574071
2813.01, 2815.01, 2813.01, 2815.01, 5.55082
2815.61, 2819.4, 2814.0, 2819.4, 0.39061001
2815.56, 2815.56, 2815.56, 2815.56, 0.02
2813.98, 2814.0, 2813.98, 2814.0, 0.46385580000000004
2806.99, 2813.01, 2806.0, 2813.01, 3.40234285
2803.0, 2805.0, 2803.0, 2805.0, 10.10874382
2801.01, 2804.23, 2800.04, 2802.01, 6.30818193
2800.0, 2808.3, 2800.0, 2807.01, 8.639592859999999
2808.04, 2808.04, 2808.01, 2808.01, 2.1561298600000005
2808.02, 2808.02, 2808.02, 2808.02, 1.0
2808.02, 2808.02, 2808.02, 2808.02, 2.40681785
2812.66, 2812.66, 2808.02, 2808.02, 2.37505466
2809.63, 2812.71, 2809.5, 2812.69, 3.0444134
2810.16, 2812.69, 2802.93, 2812.69, 3.24109869
2814.99, 2815.0, 2809.49, 2812.71, 8.47683
2822.52, 2822.52, 2814.99, 2814.99, 7.130684489999999
2818.2, 2818.2, 2818.2, 2818.2, 2.02028548
2818.0, 2818.0, 2818.0, 2818.0, 0.00827649
2818.0, 2818.0, 2818.0, 2818.0, 0.016553569999999997
2818.0, 2818.0, 2818.0, 2818.0, 0.00827708
2818.19, 2818.19, 2815.63, 2815.63, 3.4779528600000003
2824.0, 2824.0, 2818.19, 2818.19, 3.4559851499999996
2819.45, 2819.45, 2819.45, 2819.45, 0.009415
2818.55, 2818.55, 2818.55, 2818.55, 0.28077167999999997
2815.56, 2818.49, 2815.54, 2818.49, 0.45141281
2818.39, 2821.95, 2818.39, 2821.95, 17.79721765
2822.89, 2822.89, 2818.38, 2818.38, 0.57544937
2818.38, 2822.8, 2818.38, 2822.79, 0.77753032
2818.36, 2818.36, 2818.36, 2818.36, 0.00828425
2811.0, 2815.52, 2811.0, 2815.52, 1.18029261
2812.52, 2812.52, 2809.03, 2809.05, 1.35
2814.41, 2814.41, 2812.48, 2812.48, 1.8955556000000002
2812.49, 2812.49, 2812.49, 2812.49, 0.01664647
2812.52, 2812.52, 2812.52, 2812.52, 0.038
2817.82, 2817.82, 2817.82, 2817.82, 0.01664647
2817.82, 2817.82, 2817.82, 2817.82, 0.02418684
2813.05, 2813.05, 2812.8, 2812.8, 0.28783127
2817.83, 2817.83, 2817.83, 2817.83, 0.016
2811.0, 2822.44, 2811.0, 2822.44, 0.07960143
2815.27, 2822.53, 2815.27, 2822.51, 2.15510201
2816.69, 2816.69, 2816.69, 2816.69, 0.17464097
2826.26, 2826.26, 2826.26, 2826.26, 7.27796365
2824.94, 2824.94, 2824.28, 2824.28, 1.14665227
2819.25, 2819.25, 2819.25, 2819.25, 0.01658442
2820.23, 2820.23, 2820.23, 2820.23, 0.0109
2824.65, 2824.65, 2824.65, 2824.65, 0.238
2820.05, 2827.42, 2820.05, 2827.41, 1.73283419
2824.02, 2827.15, 2813.33, 2827.15, 0.85438901
2815.35, 2824.01, 2815.35, 2824.01, 3.6174540900000003
2815.4, 2815.4, 2815.36, 2815.36, 3.7173
2821.31, 2821.31, 2815.4, 2815.4, 0.6811397699999999
2821.33, 2821.33, 2821.14, 2821.14, 4.79055813
2821.33, 2821.33, 2821.33, 2821.33, 0.42314440000000003
2826.3, 2826.41, 2821.33, 2821.33, 0.17530957
2816.17, 2816.17, 2816.17, 2816.17, 0.023
2818.27, 2818.28, 2813.95, 2816.32, 4.96758889
2801.13, 2815.99, 2801.13, 2813.95, 20.34484662
2800.0, 2807.72, 2800.0, 2801.01, 13.125002969999997
2803.57, 2803.57, 2802.52, 2802.52, 1.32722018
2801.0, 2811.17, 2801.0, 2806.3, 5.123407
2794.63, 2801.04, 2794.63, 2800.04, 7.896695820000001
2791.13, 2794.62, 2790.71, 2794.56, 4.1211307
2785.72, 2790.7, 2785.71, 2790.7, 8.26329002
2788.23, 2788.24, 2785.71, 2785.72, 5.622019839999998
2799.98, 2799.98, 2788.24, 2788.24, 11.04828612
2799.99, 2799.99, 2799.97, 2799.98, 14.122748000000001
2786.33, 2799.99, 2786.33, 2799.98, 10.62219722
2785.72, 2792.14, 2785.72, 2786.0, 13.283130860000002
2785.72, 2785.72, 2785.72, 2785.72, 0.69291336
2785.7, 2787.29, 2785.7, 2786.03, 8.605827869999999
2782.69, 2785.69, 2780.0, 2785.69, 11.38374958
2764.12, 2778.66, 2764.12, 2778.66, 24.438250979999996
2760.0, 2764.49, 2760.0, 2764.12, 30.531951570000004
2755.0, 2767.25, 2755.0, 2760.0, 7.0585841899999995
2760.39, 2760.41, 2755.0, 2755.0, 23.86385012
2762.81, 2762.83, 2755.0, 2760.36, 19.39713076
2768.05, 2773.22, 2762.83, 2762.83, 6.486713469999999
2780.22, 2780.23, 2773.19, 2773.26, 7.203772889999999
2766.03, 2780.23, 2766.03, 2780.22, 3.15412021
2771.22, 2771.22, 2764.02, 2766.06, 3.0060427699999996
2775.01, 2775.01, 2771.08, 2771.08, 1.70993336
2765.31, 2765.31, 2765.31, 2765.31, 2.18554817
2781.93, 2781.93, 2765.52, 2765.52, 2.28177868
2772.57, 2785.49, 2772.54, 2777.72, 11.30936374
2765.03, 2772.56, 2765.03, 2768.57, 12.73887422
2762.83, 2773.09, 2762.83, 2765.04, 4.766555470000001
2757.02, 2769.69, 2757.01, 2762.83, 9.313301300000001
2757.96, 2769.57, 2755.0, 2757.0, 7.950620759999999
2754.0, 2757.03, 2754.0, 2757.03, 10.0060958
2748.0, 2755.96, 2748.0, 2753.98, 17.03037388
2746.0, 2752.6, 2741.57, 2750.0, 39.05245924
2738.45, 2744.41, 2738.44, 2742.0, 9.217887189999999
2738.44, 2745.99, 2738.43, 2745.98, 4.28136066
2747.36, 2747.36, 2738.47, 2746.45, 11.692862429999998
2757.57, 2757.57, 2749.29, 2749.95, 13.79077285
2761.45, 2762.27, 2755.32, 2760.88, 9.41106033
2756.67, 2762.25, 2748.96, 2762.25, 11.79823061
2765.44, 2765.44, 2750.25, 2761.19, 8.467319869999999
2767.4, 2767.4, 2753.89, 2765.44, 13.13021492
2774.14, 2774.47, 2754.37, 2770.0, 10.10382631
2765.46, 2765.49, 2765.46, 2765.49, 1.04145715
2774.65, 2774.65, 2771.6, 2771.6, 1.835854
2766.07, 2766.27, 2766.07, 2766.27, 4.31345
2785.0, 2785.0, 2773.79, 2773.79, 0.25546088
2795.0, 2795.0, 2775.94, 2775.94, 5.44854684
2805.5, 2807.82, 2795.06, 2799.92, 4.351339450000001
2801.31, 2807.68, 2798.62, 2798.62, 0.255409
2801.94, 2801.94, 2796.82, 2796.82, 1.0719971099999999
2806.0, 2806.0, 2800.0, 2800.0, 1.08090639
2800.03, 2806.0, 2800.03, 2801.03, 8.91862987
2808.48, 2810.4, 2800.03, 2800.03, 8.64318063
2818.0, 2818.61, 2813.11, 2813.11, 4.60727785
2808.58, 2818.0, 2808.52, 2818.0, 3.7318317600000004
2816.0, 2819.12, 2808.49, 2808.49, 3.33599773
2819.12, 2819.12, 2819.12, 2819.12, 0.17779454
2821.32, 2821.33, 2810.01, 2819.12, 7.569087109999999
2810.01, 2821.32, 2810.01, 2810.31, 9.39678874
2806.0, 2810.01, 2806.0, 2810.01, 8.42466233
2789.82, 2805.0, 2789.82, 2805.0, 19.19857507
2785.3, 2786.59, 2768.08, 2786.35, 19.783682400000004
2803.3, 2803.3, 2788.27, 2789.81, 14.525958
2810.54, 2810.6, 2803.29, 2803.3, 10.331309919999999
2792.01, 2804.0, 2792.01, 2804.0, 7.60174008
2774.85, 2793.99, 2774.85, 2792.01, 6.71262975
2786.6, 2797.61, 2774.7, 2784.65, 11.173283109999998
2790.91, 2790.91, 2790.91, 2790.91, 0.27286904
2792.16, 2792.16, 2790.6, 2790.6, 6.5265
2811.13, 2811.13, 2797.76, 2807.91, 5.52090765
2811.47, 2816.94, 2811.47, 2812.39, 6.90909237
2809.46, 2810.44, 2809.46, 2810.44, 3.4089265400000004
2800.4, 2809.83, 2800.39, 2809.83, 1.69224967
2803.21, 2803.21, 2803.21, 2803.21, 0.00830224
2803.8, 2803.8, 2800.45, 2803.21, 1.0277898300000001
2808.52, 2808.52, 2797.92, 2797.92, 0.99103312
2808.52, 2808.52, 2808.52, 2808.52, 1.5220225200000002
2808.52, 2808.52, 2808.52, 2808.52, 0.37947507
2816.16, 2816.19, 2808.52, 2808.52, 4.33232351
2818.0, 2818.0, 2816.2, 2816.2, 5.35858712
2821.96, 2821.96, 2818.0, 2818.0, 9.00191448
2825.43, 2825.43, 2822.62, 2822.62, 5.707760609999999
2829.0, 2829.0, 2825.14, 2827.62, 5.3608243799999995
2821.22, 2821.23, 2820.1, 2820.24, 3.6788479200000004
2822.88, 2826.74, 2820.09, 2820.09, 14.852043649999999
2814.93, 2820.1, 2814.93, 2820.1, 13.17777553
2810.5, 2814.68, 2810.5, 2814.68, 4.4809744700000005
2810.43, 2814.75, 2810.43, 2810.44, 7.64247998
2817.66, 2817.66, 2810.44, 2810.44, 2.5994900000000003
2826.72, 2826.73, 2810.7, 2817.99, 10.72539277
2826.47, 2826.73, 2817.96, 2826.71, 9.23735353
2825.53, 2828.0, 2825.53, 2826.49, 8.9573888
2829.99, 2829.99, 2821.98, 2828.98, 5.346088770000001
2822.2, 2822.2, 2822.2, 2822.2, 0.01655483
2822.26, 2822.26, 2822.26, 2822.26, 0.7995
2811.21, 2820.23, 2811.21, 2820.23, 12.847168109999997
2790.74, 2811.22, 2784.33, 2811.22, 18.09739171
2775.0, 2782.62, 2775.0, 2782.62, 8.701012859999999
2787.44, 2787.44, 2787.44, 2787.44, 0.34976929
2776.45, 2787.42, 2775.94, 2777.0, 12.64360515
2785.62, 2791.77, 2777.01, 2777.01, 5.3437394199999995
2780.0, 2785.62, 2780.0, 2785.62, 1.62489773
2788.0, 2797.06, 2778.02, 2779.0, 8.085485069999997
2801.31, 2801.4, 2797.08, 2797.08, 3.5794373100000003
2784.17, 2802.04, 2784.02, 2784.02, 0.28867749
2795.49, 2795.49, 2792.84, 2792.86, 3.57474979
2785.01, 2792.84, 2785.01, 2792.84, 0.24973314000000002
2785.0, 2785.0, 2785.0, 2785.0, 0.2826849
2785.01, 2785.01, 2785.0, 2785.01, 0.35219467
2785.08, 2792.34, 2785.08, 2792.34, 0.90248588
2795.33, 2795.52, 2795.32, 2795.52, 3.04044836
2794.91, 2794.91, 2793.38, 2793.38, 0.16422258
2785.65, 2785.65, 2785.65, 2785.65, 0.6051761
2799.19, 2799.19, 2799.19, 2799.19, 0.83743154
2803.02, 2803.02, 2799.68, 2799.68, 7.27719646
2808.7, 2808.76, 2808.7, 2808.76, 1.0350925100000001
2800.21, 2800.21, 2800.19, 2800.19, 0.01148412
2802.39, 2802.39, 2802.39, 2802.39, 0.05938353
2790.67, 2800.0, 2790.67, 2800.0, 8.99834077
2785.91, 2787.03, 2785.91, 2787.02, 3.82636028
2783.0, 2785.25, 2783.0, 2785.25, 3.15528035
2778.04, 2782.99, 2776.01, 2782.0, 5.237355050000001
2773.41, 2782.97, 2773.3, 2776.03, 11.69538433
2776.88, 2776.88, 2773.37, 2773.37, 4.46920022
2774.02, 2774.02, 2774.02, 2774.02, 0.3192
2776.87, 2776.87, 2774.02, 2776.86, 1.5881483600000001
2776.88, 2776.88, 2774.03, 2774.03, 0.04181532
2782.94, 2782.97, 2775.0, 2782.97, 3.41620328
2782.96, 2782.96, 2782.95, 2782.95, 0.10900900000000001
2781.37, 2781.37, 2781.37, 2781.37, 0.24238602
2782.99, 2782.99, 2782.99, 2782.99, 0.01810824
2782.99, 2782.99, 2782.99, 2782.99, 3.53385581
2782.99, 2782.99, 2782.99, 2782.99, 0.04358711
2775.21, 2775.21, 2775.21, 2775.21, 0.01683441
2782.99, 2782.99, 2775.21, 2775.21, 2.20082644
2782.99, 2782.99, 2782.99, 2782.99, 0.3
2784.96, 2785.0, 2783.0, 2783.0, 0.3003
2788.89, 2788.89, 2784.94, 2784.94, 3.65223604
2792.64, 2792.64, 2786.77, 2786.77, 5.2216023499999995
2801.86, 2801.86, 2801.66, 2801.72, 4.9143756199999995
2792.73, 2792.73, 2792.73, 2792.73, 0.0907
2792.71, 2798.75, 2792.67, 2798.75, 1.3347757900000001
2792.93, 2792.93, 2788.16, 2792.64, 0.8225119000000001
2792.71, 2792.71, 2792.71, 2792.71, 0.51696643
2790.0, 2792.65, 2790.0, 2792.65, 0.40724027
2792.7, 2792.7, 2792.66, 2792.7, 2.43283102
2792.7, 2792.7, 2786.42, 2790.0, 1.40427679
2789.99, 2790.07, 2782.01, 2786.5, 3.79240854
2779.99, 2787.03, 2775.12, 2782.01, 10.182511040000003
2775.99, 2779.99, 2773.0, 2776.0, 1.3467874000000002
2774.41, 2775.99, 2770.87, 2775.99, 0.36719365000000004
2769.02, 2770.87, 2769.02, 2770.87, 0.2342325
2767.45, 2770.0, 2767.45, 2770.0, 0.6827315300000001
2774.2, 2774.2, 2767.34, 2767.36, 4.56557315
2774.2, 2774.2, 2767.36, 2767.36, 2.35556134
2774.2, 2774.2, 2768.03, 2774.2, 7.1675651700000005
2770.0, 2774.2, 2768.06, 2768.06, 0.66275917
2767.4, 2774.2, 2767.4, 2769.01, 1.38616278
2766.26, 2774.2, 2766.26, 2774.2, 5.02071141
2767.34, 2767.34, 2767.05, 2767.05, 0.36167474
2767.35, 2769.91, 2767.35, 2767.51, 0.7291482
2767.36, 2769.91, 2767.35, 2769.91, 0.29909568000000003
2769.91, 2769.91, 2767.36, 2767.36, 5.6096938199999995
2780.3, 2780.3, 2769.91, 2769.91, 1.2473857700000002
2777.0, 2777.0, 2773.29, 2773.29, 6.114397
2766.0, 2767.42, 2766.0, 2767.42, 2.5201000000000002
2759.99, 2763.0, 2759.99, 2763.0, 10.61384462
2755.61, 2759.99, 2755.61, 2759.0, 2.91314682
2759.99, 2760.0, 2759.99, 2759.99, 0.76335629
2761.84, 2761.84, 2759.99, 2759.99, 1.7228151700000003
2761.95, 2761.97, 2756.04, 2761.97, 0.31177235000000003
2761.98, 2761.98, 2761.95, 2761.95, 0.50346264
2766.99, 2767.19, 2765.93, 2765.93, 1.29159255
2766.99, 2766.99, 2766.99, 2766.99, 0.32546903
2767.19, 2767.19, 2766.99, 2766.99, 0.24444148999999998
2766.02, 2766.02, 2766.02, 2766.02, 0.10830895
2766.99, 2766.99, 2765.87, 2766.0, 0.21429947
2766.99, 2766.99, 2764.34, 2766.99, 1.05849944
2765.0, 2765.0, 2765.0, 2765.0, 8.1829
2755.55, 2765.0, 2755.55, 2765.0, 5.64363287
2755.0, 2755.0, 2753.05, 2755.0, 4.37568967
2758.26, 2758.26, 2753.01, 2755.0, 3.9074167799999997
2758.26, 2758.26, 2758.26, 2758.26, 1.48566025
2758.16, 2758.26, 2758.16, 2758.26, 0.27768342
2758.03, 2758.12, 2758.03, 2758.11, 1.41727881
2749.99, 2753.0, 2749.99, 2753.0, 2.7419182400000004
2750.97, 2750.97, 2747.01, 2749.99, 32.71900486
2754.97, 2754.97, 2754.97, 2754.97, 0.00906017
2750.0, 2754.98, 2749.99, 2754.97, 25.763149669999997
2745.94, 2754.95, 2745.94, 2748.97, 9.391689479999998
2746.01, 2748.15, 2745.87, 2745.94, 13.469901870000001
2754.87, 2754.87, 2746.0, 2746.01, 10.96088001
2757.01, 2757.01, 2746.7, 2754.85, 4.57270763
2746.12, 2757.02, 2746.02, 2757.02, 3.158142
2759.16, 2762.2, 2754.0, 2756.94, 6.722093490000001
2747.25, 2759.17, 2747.21, 2759.17, 10.02790208
2744.99, 2747.55, 2742.15, 2747.55, 31.87389955
2745.01, 2746.76, 2745.0, 2745.0, 16.70489311
2746.02, 2750.95, 2745.01, 2746.76, 4.04682423
2745.13, 2751.0, 2745.0, 2747.06, 16.1845409
2746.1, 2749.06, 2746.1, 2749.05, 9.83859318
2750.7, 2751.0, 2749.06, 2749.06, 9.533943709999999
2746.59, 2751.0, 2746.56, 2747.39, 4.4970836499999995
2745.12, 2746.59, 2745.08, 2746.59, 0.45149377999999996
2744.7, 2747.32, 2744.7, 2745.12, 1.94755435
2745.03, 2745.03, 2742.14, 2745.03, 0.21454564
2742.19, 2745.03, 2742.19, 2745.02, 0.91426268
2742.3, 2745.02, 2742.3, 2745.02, 2.51578415
2738.43, 2742.19, 2738.43, 2742.19, 11.849332230000002
2733.01, 2740.0, 2733.0, 2740.0, 16.49905927
2731.15, 2736.98, 2731.0, 2733.01, 13.751528469999998
2733.99, 2733.99, 2733.99, 2733.99, 0.23242883
2731.01, 2732.99, 2731.01, 2732.99, 5.56057955
2729.1, 2731.0, 2729.1, 2731.0, 17.83010151
2725.42, 2732.96, 2725.42, 2729.11, 14.141162369999996
2721.31, 2733.29, 2721.3, 2725.41, 12.5867079
2708.94, 2733.16, 2708.84, 2721.3, 42.366975249999996
2714.99, 2720.0, 2708.84, 2716.36, 26.094159759999993
2719.99, 2719.99, 2708.84, 2708.95, 14.126341879999998
2719.99, 2720.0, 2719.95, 2719.99, 20.737613090000004
2740.16, 2740.19, 2719.46, 2720.0, 6.0759858499999995
2743.73, 2743.73, 2724.32, 2740.25, 24.03354062
2746.03, 2746.03, 2743.73, 2743.73, 7.504941619999999
2734.16, 2746.54, 2734.11, 2746.03, 7.7776575900000005
2742.89, 2743.73, 2740.52, 2740.52, 0.11101924
2740.12, 2742.85, 2735.7, 2742.85, 6.60471342
2735.66, 2735.68, 2735.66, 2735.68, 1.1505897
2733.45, 2733.45, 2733.45, 2733.45, 0.40974
2733.41, 2733.41, 2733.41, 2733.41, 0.08383515
2743.0, 2743.0, 2733.45, 2733.45, 5.19172399
2749.0, 2749.0, 2743.01, 2743.01, 7.213058289999999
2750.7, 2750.7, 2749.0, 2749.0, 1.5433979199999999
2750.01, 2750.01, 2750.0, 2750.0, 4.03680322
2743.0, 2751.0, 2742.63, 2750.01, 5.891230370000001
2729.85, 2744.01, 2729.75, 2744.01, 10.013279510000002
2729.56, 2734.87, 2729.51, 2729.78, 12.477756379999999
2730.0, 2730.0, 2730.0, 2730.0, 12.55708805
2729.51, 2741.83, 2729.51, 2741.83, 1.29366095
2739.08, 2739.44, 2728.51, 2739.44, 0.18896933999999999
2742.62, 2742.73, 2736.7, 2736.75, 5.93725
2730.31, 2742.6, 2730.31, 2742.6, 1.21119688
2731.84, 2742.49, 2731.48, 2731.48, 1.97665631
2724.69, 2724.69, 2724.69, 2724.69, 0.2005
2724.7, 2724.7, 2724.7, 2724.7, 2.0666537000000003
2720.01, 2724.7, 2720.01, 2724.7, 5.587555610000001
2720.0, 2720.0, 2720.0, 2720.0, 5.0
2711.0, 2719.0, 2711.0, 2719.0, 6.744383120000001
2715.86, 2715.87, 2710.0, 2711.0, 15.239721859999998
2710.02, 2713.15, 2710.02, 2710.43, 23.83925082
2708.84, 2715.99, 2708.84, 2709.43, 41.512910819999995
2728.05, 2734.05, 2708.84, 2708.84, 28.64722682
2733.99, 2733.99, 2721.76, 2733.95, 12.103278849999999
2733.35, 2734.17, 2716.29, 2730.0, 12.203658619999999
2728.99, 2728.99, 2728.99, 2728.99, 1.29832979
2715.94, 2720.37, 2715.94, 2720.37, 2.725
2728.17, 2728.17, 2728.17, 2728.17, 0.04266311
2728.91, 2728.91, 2718.02, 2718.02, 0.627234
2736.65, 2736.65, 2728.98, 2728.98, 9.20648316
2739.84, 2739.84, 2736.66, 2736.66, 6.690510840000001
2739.84, 2739.84, 2739.84, 2739.84, 0.29026989
2730.38, 2730.38, 2730.35, 2730.35, 0.04359954
2728.99, 2728.99, 2728.99, 2728.99, 0.015884
2735.62, 2735.62, 2735.62, 2735.62, 0.0335462
2732.61, 2732.61, 2732.61, 2732.61, 0.004672
2729.57, 2729.57, 2729.57, 2729.57, 0.04815136
2725.11, 2729.57, 2725.11, 2729.57, 2.9078955
2721.83, 2725.1, 2721.83, 2725.1, 4.21130445
2722.03, 2739.22, 2722.03, 2735.31, 10.051729360000001
2730.0, 2730.12, 2730.0, 2730.12, 3.09185714
2725.73, 2725.73, 2725.73, 2725.73, 0.304
2736.75, 2736.75, 2729.04, 2729.04, 0.22656215999999998
2736.44, 2736.44, 2736.44, 2736.44, 0.005779
2732.95, 2735.75, 2729.12, 2735.75, 2.1633865500000002
2733.75, 2733.75, 2733.75, 2733.75, 1.17558823
2734.99, 2734.99, 2733.75, 2733.75, 2.2619007800000004
2744.0, 2745.2, 2739.84, 2739.84, 22.177386750000004
2745.0, 2747.99, 2744.0, 2744.0, 35.41134185999999
2745.51, 2748.01, 2744.51, 2745.0, 1.8474707799999996
2746.21, 2749.0, 2745.51, 2745.51, 12.17218607
2748.01, 2749.0, 2748.01, 2749.0, 0.6968192
2748.0, 2749.0, 2748.0, 2749.0, 1.84428258
2749.0, 2749.0, 2748.0, 2748.0, 5.91894705
2754.0, 2754.99, 2746.2, 2746.2, 19.056604669999995
2754.0, 2754.0, 2754.0, 2754.0, 0.60690148
2754.0, 2754.0, 2754.0, 2754.0, 5.6963133
2754.0, 2754.0, 2754.0, 2754.0, 2.30015027
2761.87, 2761.87, 2754.0, 2754.0, 4.01192225
2758.06, 2763.01, 2758.06, 2761.88, 4.29630489
2758.67, 2766.98, 2758.07, 2758.07, 0.927591
2758.51, 2767.0, 2758.07, 2758.66, 4.008168
2752.68, 2758.48, 2752.68, 2758.48, 9.712919419999999
2749.02, 2760.08, 2746.11, 2748.57, 32.91766387
2749.0, 2758.3, 2749.0, 2758.3, 5.49080313
2743.03, 2745.38, 2743.03, 2745.38, 8.44060786
2743.02, 2743.03, 2742.15, 2743.03, 3.7152761499999998
2749.5, 2749.5, 2742.21, 2745.13, 1.21456215
2749.72, 2752.36, 2749.72, 2752.36, 0.6900000000000001
2750.02, 2750.02, 2750.02, 2750.02, 0.0170381
2754.84, 2754.84, 2754.84, 2754.84, 0.13301166
2754.78, 2754.78, 2754.78, 2754.78, 8.6173
2754.78, 2754.78, 2754.78, 2754.78, 0.32329681
2752.04, 2752.04, 2752.04, 2752.04, 0.1267592
2753.0, 2753.0, 2753.0, 2753.0, 5.48104204
2752.52, 2754.96, 2745.88, 2754.96, 21.264427630000004
2746.34, 2748.89, 2746.34, 2748.89, 10.2668789
2748.51, 2748.51, 2748.51, 2748.51, 0.1
2740.01, 2740.07, 2740.01, 2740.07, 7.63600181
2740.01, 2740.01, 2740.0, 2740.0, 3.3671247699999998
2748.64, 2748.64, 2740.0, 2740.0, 0.41275804
2748.88, 2748.88, 2740.02, 2740.02, 6.176074460000001
2748.89, 2748.89, 2740.19, 2748.87, 5.19944883
2748.9, 2748.9, 2748.89, 2748.89, 0.70376891
2752.02, 2752.11, 2748.9, 2748.9, 0.8512197500000002
2747.28, 2748.89, 2747.28, 2748.89, 0.18628883999999998
2748.87, 2748.88, 2743.22, 2748.88, 0.11137589
2743.33, 2743.33, 2743.33, 2743.33, 1.0
2740.18, 2740.18, 2740.18, 2740.18, 0.14307605
2740.18, 2745.89, 2740.18, 2740.18, 0.15283375000000002
2740.18, 2740.18, 2740.18, 2740.18, 0.06645136
2740.03, 2745.79, 2740.03, 2745.79, 3.50495938
2745.99, 2745.99, 2740.05, 2740.05, 5.54765233
2745.98, 2745.98, 2745.98, 2745.98, 0.012
2745.57, 2745.57, 2745.57, 2745.57, 0.21736684
2742.0, 2742.0, 2742.0, 2742.0, 8.81092423
2735.93, 2740.08, 2735.93, 2740.08, 5.336749999999999
2735.9, 2740.42, 2735.9, 2740.42, 0.15572244999999998
2735.0, 2738.94, 2735.0, 2738.94, 0.89676332
2734.97, 2734.97, 2730.05, 2730.05, 3.7426
2730.05, 2735.01, 2730.05, 2734.98, 6.50260323
2720.05, 2730.05, 2720.05, 2730.05, 8.64184709
2718.0, 2722.3, 2718.0, 2720.0, 11.31209293
2717.95, 2722.32, 2717.0, 2718.24, 14.04337802
2734.23, 2734.23, 2718.07, 2731.43, 5.41114263
2720.2, 2731.55, 2720.06, 2731.55, 0.62061431
2718.5, 2722.89, 2718.5, 2722.89, 0.945435
2711.0, 2716.0, 2709.32, 2716.0, 15.98627271
2708.84, 2717.98, 2708.84, 2717.98, 6.94075095
2711.99, 2711.99, 2708.84, 2708.84, 1.81729523
2712.0, 2712.0, 2712.0, 2712.0, 0.06193134
2711.0, 2711.0, 2711.0, 2711.0, 0.17364405
2714.01, 2714.01, 2708.91, 2711.0, 3.96131724
2725.94, 2725.94, 2716.95, 2716.95, 11.5847926
2726.04, 2726.12, 2715.61, 2726.12, 10.73760629
2718.42, 2731.73, 2718.35, 2726.04, 5.82495465
2733.99, 2733.99, 2733.99, 2733.99, 0.14053001
2720.58, 2733.38, 2720.34, 2720.34, 1.6536459999999997
2720.22, 2725.32, 2720.22, 2720.91, 10.69633954
2717.81, 2720.28, 2717.81, 2720.28, 2.57675
2717.75, 2720.99, 2717.75, 2720.99, 2.0073156
2713.12, 2717.74, 2713.12, 2717.74, 0.9216839800000001
2711.4, 2713.08, 2711.4, 2713.08, 0.83600002
2709.02, 2716.28, 2709.02, 2716.28, 1.27394819
2706.0, 2709.02, 2706.0, 2709.0, 77.73049476
2700.0, 2706.8, 2700.0, 2705.0, 61.55418127
2698.77, 2706.64, 2695.01, 2700.0, 18.96446117
2692.36, 2698.78, 2690.93, 2695.01, 8.00015998
2682.52, 2693.0, 2682.52, 2690.91, 22.84485601
2681.48, 2689.99, 2680.04, 2685.0, 18.023739850000002
2680.03, 2689.98, 2680.01, 2681.48, 13.334438949999997
2686.99, 2687.85, 2684.0, 2684.01, 4.4955667
2680.0, 2684.01, 2678.44, 2684.01, 4.584028020000001
2679.99, 2679.99, 2677.68, 2678.45, 34.59148791
2684.0, 2684.0, 2675.81, 2679.99, 41.17900779
2684.01, 2688.0, 2684.01, 2687.0, 14.23127117
2695.94, 2695.94, 2688.0, 2688.0, 9.00207533
2683.27, 2696.03, 2681.79, 2695.94, 12.726966440000002
2693.13, 2693.13, 2683.31, 2683.31, 1.40314669
2682.0, 2692.99, 2682.0, 2685.01, 14.009606569999999
2685.01, 2687.99, 2685.0, 2685.0, 3.95234735
2682.08, 2685.0, 2682.08, 2685.0, 1.5590965200000002
2681.03, 2684.99, 2681.03, 2684.99, 10.83059546
2685.0, 2685.0, 2681.01, 2685.0, 16.05754511
2694.89, 2694.89, 2683.16, 2685.0, 8.837526669999999
2707.0, 2707.0, 2694.0, 2695.25, 16.94939624
2708.83, 2708.84, 2707.0, 2707.93, 17.90159567
2697.32, 2708.81, 2697.31, 2707.93, 4.6284099
2705.96, 2705.96, 2696.09, 2697.32, 10.004802370000002
2696.12, 2701.04, 2696.11, 2696.11, 2.23
2705.97, 2708.67, 2696.14, 2701.0, 3.5495336799999997
2701.97, 2706.47, 2701.97, 2706.47, 0.35312059000000007
2706.36, 2706.36, 2701.97, 2701.97, 1.5504693299999999
2708.43, 2708.43, 2701.98, 2701.99, 4.543511939999999
2701.99, 2708.3, 2701.99, 2708.3, 0.56507585
2705.01, 2705.01, 2705.01, 2705.01, 5.018
2705.01, 2708.83, 2705.0, 2705.0, 4.31245032
2702.11, 2705.0, 2702.11, 2705.0, 7.10873759
2700.19, 2702.12, 2700.19, 2702.11, 7.1948862600000005
2700.0, 2700.19, 2700.0, 2700.19, 18.71890685
2700.0, 2708.08, 2700.0, 2700.0, 3.0065
2688.56, 2699.97, 2688.55, 2696.64, 15.1956913
2687.25, 2702.14, 2687.17, 2688.56, 10.54743499
2702.03, 2702.03, 2702.03, 2702.03, 0.02577321
2696.56, 2696.6, 2696.56, 2696.6, 6.091985439999999
2696.58, 2696.58, 2685.48, 2696.56, 0.4885928
2678.3, 2696.56, 2678.3, 2696.56, 3.7620285799999995
2684.12, 2693.27, 2678.29, 2678.3, 1.4405948
2684.03, 2684.11, 2677.13, 2684.07, 7.898180389999999
2680.0, 2684.14, 2675.14, 2684.08, 4.80054138
2675.23, 2683.99, 2675.22, 2675.23, 2.91618288
2675.0, 2675.23, 2673.99, 2675.23, 7.59394601
2671.0, 2678.38, 2670.0, 2675.0, 2.1692905699999994
2671.03, 2675.25, 2670.0, 2673.35, 8.54787212
2678.55, 2678.57, 2670.0, 2671.03, 12.34578946
2669.12, 2680.77, 2669.12, 2678.5, 15.86941374
2667.02, 2680.59, 2666.85, 2668.0, 12.02369072
2667.0, 2675.26, 2667.0, 2675.24, 16.2859439
2658.0, 2667.0, 2658.0, 2667.0, 14.143611669999999
2652.0, 2666.99, 2652.0, 2656.96, 42.76721888000001
2645.0, 2652.5, 2645.0, 2652.0, 63.40062037
2645.0, 2645.0, 2640.0, 2644.8, 21.29183879
2660.15, 2660.16, 2643.0, 2645.0, 24.541588620000002
2672.0, 2679.03, 2660.16, 2660.16, 14.51571505
2679.99, 2680.0, 2672.02, 2672.03, 18.52486691
2684.23, 2684.27, 2675.25, 2679.99, 69.80467432999998
2680.01, 2684.24, 2680.01, 2684.24, 3.8986540700000005
2680.05, 2680.05, 2680.02, 2680.02, 0.20783373
2680.0, 2680.08, 2680.0, 2680.06, 17.30448236
2669.17, 2680.53, 2669.17, 2680.53, 20.91859021
2679.82, 2679.96, 2666.5, 2674.54, 5.91813405
2672.0, 2679.72, 2672.0, 2672.12, 11.957851170000001
2676.16, 2679.57, 2672.0, 2679.57, 3.30827306
2682.33, 2682.64, 2672.0, 2672.0, 1.00655931
2672.0, 2686.49, 2672.0, 2686.49, 4.9194746899999995
2672.0, 2679.59, 2672.0, 2676.5, 3.6338155399999996
2672.0, 2679.66, 2672.0, 2672.01, 26.035008610000006
2662.45, 2676.65, 2662.45, 2672.02, 8.2613137
2655.97, 2672.91, 2655.97, 2662.45, 9.58338053
2655.57, 2660.69, 2655.55, 2655.55, 7.31685173
2669.46, 2669.55, 2657.0, 2657.01, 0.6505092800000001
2668.76, 2669.23, 2668.76, 2669.23, 4.35693
2678.78, 2678.8, 2669.18, 2669.45, 17.322786809999997
2679.57, 2687.3, 2669.18, 2678.78, 10.652710109999997
2687.53, 2687.55, 2672.57, 2681.57, 13.62630706
2685.84, 2690.0, 2679.3, 2687.53, 26.659767990000002
2698.0, 2698.0, 2682.31, 2685.85, 49.46462441999999
2689.67, 2698.0, 2689.6, 2697.98, 48.121171509999996
2686.12, 2698.0, 2686.12, 2689.6, 16.3854175
2680.48, 2687.87, 2680.46, 2687.87, 0.34935362000000003
2681.01, 2697.33, 2680.9, 2697.33, 9.54504847
2694.77, 2694.77, 2694.77, 2694.77, 0.21236959
2677.78, 2694.07, 2677.78, 2681.78, 2.1610125
2677.78, 2693.57, 2677.78, 2677.9, 3.56968112
2677.79, 2677.83, 2677.79, 2677.79, 4.80233683
2677.41, 2684.17, 2677.41, 2684.15, 2.04297838
2671.0, 2677.78, 2671.0, 2677.78, 12.357097000000001
2669.16, 2671.0, 2668.77, 2670.99, 5.15010821
2669.15, 2669.16, 2660.0, 2662.49, 2.41013741
2665.77, 2667.0, 2663.1, 2666.98, 5.1622521
2665.77, 2665.77, 2656.07, 2665.67, 2.22272763
2660.0, 2665.76, 2658.49, 2665.76, 2.3155213999999997
2660.0, 2660.0, 2660.0, 2660.0, 0.33818654000000004
2663.32, 2663.32, 2658.0, 2659.99, 0.99848989
2660.0, 2665.65, 2659.0, 2659.01, 31.69232602
2665.74, 2665.75, 2659.0, 2659.0, 13.215022280000001
2679.91, 2679.91, 2664.59, 2665.72, 12.466701950000001
2684.18, 2684.18, 2667.32, 2679.87, 10.1669291
2674.74, 2690.55, 2673.32, 2690.55, 16.981584140000002
2673.0, 2675.44, 2673.0, 2673.01, 9.06695665
2673.01, 2680.0, 2673.01, 2678.96, 7.93112477
2686.65, 2686.65, 2682.88, 2682.88, 1.383304
2688.88, 2688.88, 2682.94, 2686.25, 0.40234529999999996
2688.76, 2688.84, 2682.94, 2688.82, 2.5726723299999996
2683.16, 2688.88, 2683.16, 2688.88, 4.39803326
2690.01, 2692.99, 2687.99, 2687.99, 7.4637727
2692.99, 2692.99, 2692.99, 2692.99, 0.30852086
2693.97, 2693.98, 2690.01, 2693.98, 0.59174889
2693.99, 2693.99, 2693.99, 2693.99, 0.108
2694.21, 2694.21, 2690.51, 2693.99, 0.99308218
2696.0, 2696.0, 2694.21, 2694.21, 4.55577427
2696.0, 2696.0, 2692.48, 2692.48, 2.0815950599999997
2705.01, 2705.27, 2699.0, 2699.0, 7.68448332
2700.01, 2707.14, 2700.0, 2705.08, 10.31997672
2690.01, 2707.05, 2690.01, 2700.01, 23.65636735
2699.57, 2699.57, 2690.0, 2690.01, 12.847775949999999
2698.92, 2698.92, 2698.92, 2698.92, 0.1715207
2697.89, 2697.89, 2697.89, 2697.89, 0.2064
2699.47, 2699.48, 2699.46, 2699.46, 0.62738551
2693.01, 2699.46, 2693.01, 2699.46, 1.64329637
2694.79, 2694.99, 2692.01, 2692.01, 2.93526578
2694.0, 2694.0, 2692.01, 2692.01, 0.82327907
2692.01, 2694.0, 2692.01, 2692.01, 1.32976029
2693.01, 2698.9, 2693.01, 2694.0, 4.43082856
2698.99, 2699.0, 2698.5, 2698.5, 10.72304486
2699.0, 2699.0, 2695.21, 2699.0, 6.48418948
2714.0, 2714.0, 2707.18, 2708.8, 22.764752459999997
2723.45, 2723.46, 2710.03, 2713.99, 23.45616957
2723.53, 2741.74, 2716.17, 2716.17, 39.06877837999999
2723.51, 2727.04, 2717.01, 2723.54, 8.7832823
2739.79, 2739.79, 2723.09, 2723.09, 10.30011099
2729.98, 2739.79, 2725.0, 2725.0, 3.07692005
2726.08, 2739.56, 2726.08, 2729.99, 9.65027651
2730.02, 2730.02, 2726.01, 2726.01, 5.68310652
2717.01, 2730.0, 2714.7, 2730.0, 20.553531310000007
2717.0, 2717.0, 2717.0, 2717.0, 16.13996329
2729.96, 2729.96, 2721.7, 2721.7, 5.04089511
2724.36, 2729.28, 2720.0, 2724.35, 0.7720500200000001
2725.02, 2732.37, 2725.02, 2728.99, 2.28601351
2724.89, 2729.98, 2724.89, 2729.98, 5.28864526
2728.98, 2728.98, 2724.39, 2724.39, 1.8630073
2728.98, 2728.98, 2725.02, 2725.02, 0.8237014899999999
2725.03, 2725.07, 2725.03, 2725.07, 4.347150000000001
2727.79, 2727.79, 2727.79, 2727.79, 0.23187439999999998
2727.94, 2727.94, 2727.42, 2727.8, 5.27402873
2727.95, 2727.95, 2725.04, 2725.04, 0.25242758
2731.98, 2732.0, 2725.04, 2727.96, 1.1897404200000001
2731.99, 2732.0, 2725.15, 2731.98, 3.0674209599999998
2739.99, 2739.99, 2732.0, 2732.0, 11.17494796
2735.04, 2742.99, 2735.0, 2741.76, 13.857979549999998
2744.99, 2745.68, 2741.78, 2742.99, 4.4319403500000005
2748.69, 2748.69, 2743.84, 2744.98, 21.46423836
2753.01, 2753.01, 2747.0, 2747.0, 12.096484890000001
2748.11, 2754.72, 2748.11, 2753.79, 28.662428799999997
2747.0, 2751.64, 2747.0, 2748.5, 10.68134227
2740.87, 2747.02, 2740.82, 2747.02, 9.151411680000002
2735.04, 2747.01, 2735.04, 2740.87, 5.83234513
2735.01, 2735.04, 2735.01, 2735.04, 1.01536617
2735.06, 2740.51, 2735.06, 2740.48, 1.89321847
2735.56, 2735.58, 2735.55, 2735.58, 2.2224999999999997
2735.57, 2736.25, 2735.57, 2736.25, 1.46498439
2737.0, 2737.0, 2735.53, 2735.53, 3.8448155699999997
2740.87, 2740.87, 2735.01, 2737.0, 3.48229118
2750.0, 2750.0, 2740.84, 2740.84, 11.03392681
2746.19, 2746.21, 2746.19, 2746.21, 5.0929166
2738.47, 2738.47, 2738.47, 2738.47, 0.06298633
2745.57, 2745.57, 2738.27, 2738.93, 3.52505754
2738.3, 2745.86, 2738.29, 2744.96, 21.8209518
2740.0, 2745.86, 2738.03, 2745.86, 18.3862128
2736.0, 2739.01, 2735.03, 2739.01, 11.36112857
2735.0, 2736.0, 2735.0, 2736.0, 12.910165450000001
2720.9, 2730.87, 2720.87, 2730.87, 9.318574139999999
2720.91, 2725.02, 2720.9, 2721.65, 4.438133499999999
2724.01, 2724.2, 2724.01, 2724.01, 1.120845
2736.0, 2736.0, 2724.2, 2724.2, 20.74236801
2740.9, 2740.9, 2732.01, 2732.01, 11.677978780000004
2737.01, 2746.2, 2737.01, 2745.0, 13.663222249999999
2739.92, 2746.2, 2739.01, 2745.0, 4.1437753100000005
2745.0, 2745.0, 2740.01, 2740.01, 6.24753754
2735.05, 2746.21, 2732.54, 2745.0, 1.97466163
2742.0, 2742.0, 2738.01, 2740.0, 4.25947084
2740.0, 2743.0, 2738.06, 2743.0, 2.3996313899999997
2743.0, 2743.0, 2738.03, 2740.01, 1.03808151
2736.02, 2742.99, 2736.02, 2742.99, 4.4023243
2732.41, 2742.57, 2732.4, 2736.02, 6.85561495
2731.71, 2735.99, 2731.71, 2735.99, 0.6259748399999999
2725.81, 2725.83, 2725.8, 2725.83, 2.56825
2725.8, 2731.98, 2725.8, 2731.98, 6.202679969999999
2733.17, 2733.17, 2725.81, 2728.84, 2.92535579
2735.0, 2741.45, 2733.18, 2733.18, 1.8917008000000002
2735.01, 2735.01, 2735.0, 2735.0, 0.104078
2725.96, 2730.33, 2725.96, 2730.0, 1.10352278
2739.87, 2739.87, 2739.87, 2739.87, 0.388202
2741.36, 2741.51, 2734.0, 2734.0, 0.68064504
2740.91, 2740.96, 2740.91, 2740.96, 0.22298521999999998
2740.91, 2740.91, 2734.52, 2734.52, 3.7257935000000004
2740.0, 2740.0, 2737.01, 2737.02, 6.56117907
2740.9, 2740.9, 2735.94, 2735.94, 2.16153785
2741.92, 2742.01, 2740.91, 2740.91, 9.50756547
2745.0, 2745.0, 2743.0, 2743.0, 1.85151417
2745.01, 2745.01, 2745.01, 2745.01, 0.10928564
2749.77, 2749.99, 2745.01, 2745.01, 6.250947620000001
2755.0, 2755.0, 2747.19, 2750.0, 17.78481098
2767.34, 2767.34, 2755.0, 2755.0, 18.746111310000003
2769.49, 2769.5, 2765.32, 2768.0, 16.02424491
2778.0, 2778.0, 2765.3, 2769.5, 36.68569753999999
2785.0, 2785.0, 2778.0, 2778.0, 10.020655970000002
2786.97, 2789.0, 2779.04, 2784.89, 17.050517560000003
2780.29, 2792.02, 2780.26, 2780.27, 22.478281959999997
2782.1, 2792.7, 2782.09, 2790.13, 4.63063534
2792.69, 2792.69, 2792.69, 2792.69, 0.83999384
2795.04, 2799.99, 2791.88, 2791.88, 18.00192385
2786.67, 2791.3, 2782.04, 2790.85, 48.02897215
2782.99, 2786.67, 2781.98, 2786.67, 14.09458445
2773.99, 2780.01, 2773.99, 2780.01, 14.348905689999999
2778.0, 2778.97, 2774.04, 2778.97, 6.79519091
2788.84, 2788.91, 2774.01, 2777.77, 8.20395916
2784.52, 2784.52, 2784.52, 2784.52, 0.025
2785.52, 2787.99, 2785.51, 2787.99, 1.5846163400000002
2787.9, 2788.0, 2787.49, 2787.49, 9.23924123
2788.0, 2788.0, 2785.56, 2785.56, 2.1308573099999997
2788.06, 2797.99, 2788.0, 2788.0, 8.08569042
2799.5, 2799.5, 2788.39, 2797.98, 7.644222040000001
2801.96, 2801.96, 2792.8, 2799.5, 4.23753329
2810.0, 2810.0, 2805.0, 2805.0, 14.574439729999998
2808.34, 2815.0, 2805.32, 2808.31, 17.522639839999997
2814.99, 2815.0, 2808.33, 2808.34, 9.09048473
2818.14, 2818.15, 2808.35, 2814.99, 15.419383799999999
2820.0, 2820.0, 2818.72, 2818.72, 23.198969579999996
2815.01, 2830.0, 2815.01, 2819.21, 11.25293802
2812.66, 2823.12, 2804.54, 2820.01, 6.2812529
2800.71, 2813.35, 2800.7, 2812.66, 14.5896933
2800.0, 2803.99, 2800.0, 2800.7, 7.2684859600000005
2791.77, 2799.91, 2791.77, 2799.91, 2.9856430300000003
2780.32, 2791.16, 2780.32, 2791.16, 13.64866114
2789.13, 2789.13, 2780.21, 2780.28, 19.552769220000005
2788.98, 2789.13, 2788.98, 2789.13, 1.49113111
