2312.06,3,1.1166637,0.209,4.8737632,0.4745245,0.9996,5.2395,3,20,26.78590835,0.5,0.1,0.5,6.26869,0.5,0.94687359,0.125,0.121,0.245,0.25,4.2718557,0.37260144,0.00593303,0.02,0.00217242,5.2395,3.30468035,5,7.233,3
2312.06,3,0.209,4.8737632,0.4745245,0.9996,3.4965,3,20,26.78590835,0.5,0.1,0.5,6.26869,0.5,0.36,0.125,0.121,0.245,0.25,4.2718557,0.37260144,0.00593303,0.02,0.00217242,5.2395,3.30468035,5,7.233,3,0.5
2312.06,4.3213,3,1.42318382,0.209,4.8737632,0.4745245,1.743,0.9996,3.4965,3,20,26.78590835,0.5,0.1,0.5,0.125,0.121,0.245,0.94687359,0.25,4.2718557,0.37260144,0.00593303,0.02,0.00217242,5.2395,3.30468035,5,7.233,3
2312.06,4.3213,3,4.8737632,0.4745245,1.743,0.9996,3.4965,3,20,26.78590835,0.5,0.499,0.1,0.5,6.26869,1.19557,0.125,0.121,0.245,0.94687359,0.25,4.2718557,0.37260144,0.00593303,0.02,0.00217242,5.2395,3.30468035,5,7.233
2312.06,1.42318382,4.3213,3,4.8737632,0.4745245,1.743,0.9996,3.4965,3,20,26.78590835,0.5,0.1,0.5,6.26869,1.19557,0.25,0.121,0.245,0.94687359,0.25,4.2718557,0.37260144,0.00593303,0.02,5.2395,3.30468035,5,7.233,3
2312.06,1.42318382,4.3213,3,4.8737632,0.4745245,1.743,0.9996,3.4965,3,20,26.78590835,0.5,0.1,0.5,6.26869,1.19557,0.25,0.121,0.245,0.25,4.2718557,0.37260144,0.00593303,0.02,5.2395,3.30468035,5,7.233,3,0.5
2312.06,4.3119,1.42318382,3,4.8737632,0.4745245,1.743,0.9996,3.4965,3,20,26.78590835,0.5,0.1,0.5,6.26869,1.19557,0.25,0.121,0.245,0.94687359,0.25,4.2718557,0.37260144,0.00593303,0.00216966,0.02,5.2395,3.30468035,5,7.233
2312.06,4.3119,1.42318382,3,4.8737632,0.4745245,1.743,0.9996,3.4965,3,20,26.78590835,0.5,0.1,0.5,6.26869,1.19557,0.25,0.121,0.245,0.94687359,0.25,4.2718557,0.37260144,0.00593303,0.00216966,0.02,5.2395,3.30468035,5,7.233
2312.06,4.3119,1.42318382,3,4.8737632,0.4745245,1.743,0.9996,3.4965,3,20,26.78590835,0.5,0.1,0.5,6.26869,1.19557,0.25,0.121,0.245,0.94687359,0.25,4.2718557,0.37260144,0.00593303,0.00216966,0.02,5.2395,3.30468035,5,0.24
2312.06,4.3119,1.42318382,3,4.8737632,0.4745245,1.743,0.9996,3.4965,20,26.78590835,0.5,0.1,0.5,6.26869,0.36,1.19557,0.25,0.245,0.94687359,0.25,4.2718557,0.37260144,0.00593303,0.00216966,0.02,5.2395,3.30468035,5,0.24,6.993
2312.06,3.76299105,4.3119,1.42318382,3,4.8737632,0.4745245,1.743,0.9996,3,3.4965,20,26.78590835,0.5,0.1,0.5,1.19557,0.25,0.245,0.25,4.2718557,0.37260144,0.00593303,0.00216966,0.02,5.2395,3.30468035,5,0.24,0.5,5.7
2312.06,3.76299105,4.3119,4.8737632,0.4745245,1.743,0.9996,3.4965,20,26.78590835,0.5,0.1,0.5,6.26869,0.36,0.5,0.94687359,1.19557,0.25,0.245,0.25,4.2718557,0.37260144,0.00593303,0.00216966,0.02,5.2395,3.30468035,5,6.993,0.24
2312.06,3,3.76299105,4.3119,4.8737632,0.4745245,1.743,0.9996,3,3.4965,20,26.78590835,0.5,0.1,0.5,6.26869,1.19557,0.25,0.245,0.25,4.2718557,0.37260144,0.00593303,0.00216966,0.02,5.2395,3.30468035,5,6.993,0.24,0.5
2312.06,4.42318382,3.76299105,4.3119,4.8737632,0.4745245,1.743,0.9996,3,3.4965,20,26.78590835,0.5,0.1,0.5,6.26869,1.19557,0.25,0.245,0.25,4.2718557,0.37260144,0.00593303,0.00216966,0.02,5.2395,3.30468035,5,6.993,0.24,0.5
2313.99,3.88602894,3.76299105,4.8737632,0.4745245,1.743,0.9996,3,3.4965,20,26.78590835,0.5,0.1,0.5,6.26869,0.36,1.19557,0.25,0.245,0.25,4.2718557,0.37260144,0.00593303,0.00216966,0.02,5.2395,3.30468035,5,6.993,0.24,0.5
2313.99,5.5207819,3.76299105,4.8737632,0.4745245,1.743,0.9996,3,3.4965,20,26.78590835,0.5,0.1,0.5,6.26869,0.36,1.19557,0.25,0.245,0.25,0.94687359,4.2718557,0.37260144,0.00593303,0.00216966,0.02,5.2395,3.30468035,5,6.993,0.24
2313.99,1.1996819,3.76299105,4.3215,4.8737632,0.4745245,1.743,0.9996,3,3.4965,20,26.78590835,0.5,0.1,0.5,6.26869,0.94687359,1.19557,0.125,0.245,0.25,4.2718557,0.37260144,0.00593303,0.00216966,0.02,5.2395,3.30468035,5,6.993,0.24
2313.99,1.1996819,3.76299105,4.3215,4.8737632,0.4745245,1.743,0.9996,3,3.4965,20,26.78590835,0.5,0.1,0.5,6.26869,1.32400787,1.19557,0.125,0.245,0.25,4.2718557,0.37260144,0.00593303,0.00216966,0.02,5.2395,3.30468035,5,6.993,0.24
2313.99,1.1996819,3.76299105,4.3215,0.4745245,1.743,0.9996,3,3.4965,20,26.78590835,0.5,0.1,0.5,6.26869,0.36,1.32400787,1.19557,0.125,0.245,0.25,4.2718557,0.37260144,0.00593303,0.00216966,0.02,5.2395,3.30468035,5,6.993,0.24
2313.99,1.1996819,3.76299105,4.3215,0.4745245,1.743,0.9996,3,3.4965,20,26.78590835,0.5,0.1,0.5,6.26869,0.36,1.32400787,1.19557,0.125,0.245,0.25,4.2718557,0.37260144,0.00593303,0.00216966,0.02,5.2395,3.30468035,5,6.993,0.24
2313.99,1.1996819,3.76299105,0.4745245,4.3139,0.9996,3,20,26.78590835,0.5,0.1,0.5,6.26869,0.36,0.5,2.45004328,1.32400787,1.19557,0.125,0.125,0.25,4.2718557,0.37260144,0.00593303,0.00216966,0.02,5.2395,3.30468035,5,6.993,0.24
2313.99,0.59135735,3.76299105,0.4745245,5.2395,4.3139,0.9996,3,20,26.78590835,0.5,0.1,0.5,6.26869,0.36,0.5,1.32400787,1.19557,0.125,0.125,0.25,4.2718557,0.37260144,0.00593303,0.00216966,0.02,5.2395,3.30468035,5,6.993,0.24
2313.99,0.59135735,3.76299105,0.4745245,4.3164,5.2395,0.9996,3,20,26.78590835,0.5,0.1,0.5,6.26869,0.36,0.5,0.98545883,1.19557,0.125,1.07187359,0.25,4.2718557,0.37260144,0.00593303,0.00216966,0.02,5.2395,3.30468035,5,0.24,0.08
2313.99,0.59135735,3.76299105,0.4745245,5.2395,4.3139,0.9996,3,20,26.78590835,0.5,0.1,0.5,6.26869,0.36,0.5,0.98545883,1.19557,0.125,0.125,0.25,4.2718557,0.37260144,0.00593303,0.00216966,0.02,5.2395,3.30468035,5,6.993,0.24
2313.99,0.59135735,3.76299105,0.4745245,5.2395,4.3164,0.9996,3,20,26.78590835,0.5,0.1,0.5,6.26869,0.36,0.5,0.98545883,1.19557,0.125,1.07187359,0.25,4.2718557,0.37260144,0.00593303,0.00216966,0.02,5.2395,3.30468035,5,6.993,0.24
2313.99,0.59135735,3.76299105,0.4745245,4.3091,5.2395,0.9996,3,20,26.78590835,0.5,0.1,0.5,6.26869,0.36,0.5,0.98545883,1.19557,1.07187359,0.25,4.2718557,0.37260144,0.00593303,0.00216966,0.02,5.2395,3.30468035,5,6.993,0.24,0.08
2313.99,0.59135735,3.76299105,0.4745245,4.3091,0.9996,3,20,26.78590835,0.5,0.1,0.5,0.36,6.26869,0.5,2.45004328,0.98545883,1.19557,0.125,0.25,4.2718557,0.37260144,0.00593303,0.00216966,0.02,5.2395,3.30468035,5,6.993,0.08,0.24
2313.99,0.59135735,3.76299105,0.4745245,5.2395,4.3091,0.9996,3,20,26.78590835,0.5,0.1,0.5,0.36,6.26869,0.5,0.98545883,1.19557,0.125,0.94687359,0.25,4.2718557,0.37260144,0.00593303,0.00216966,0.02,5.2395,3.30468035,5,6.993,0.08
2313.99,0.59135735,3.76299105,0.4745245,5.2395,4.3091,0.9996,3,20,26.78590835,0.5,0.1,0.5,0.36,6.26869,0.5,0.98545883,1.19557,0.125,0.94687359,0.25,4.2718557,0.37260144,0.00593303,0.00216966,0.02,5.2395,3.30468035,5,6.993,0.08
2313.99,0.59135735,3.76299105,0.4745245,4.3103,5.2395,0.9996,3,20,26.78590835,0.5,0.1,0.5,0.36,6.26869,0.5,0.98545883,1.19557,0.125,0.25,4.2718557,0.37260144,0.00593303,0.00216966,0.02,5.2395,3.30468035,5,6.993,0.08,0.24
2313.99,0.59135735,3.76299105,0.4745245,5.2395,4.3103,0.9996,3,20,26.78590835,0.5,0.1,0.5,0.36,6.26869,0.5,0.98545883,1.19557,1.07187359,0.25,4.2718557,0.37260144,0.00593303,0.00216966,0.02,5.2395,3.30468035,5,0.08,0.24,5.7
2313.99,0.59135735,3.76299105,0.4745245,4.313,0.9996,3,20,26.78590835,0.5,0.1,0.5,0.36,6.26869,0.5,2.45004328,0.98545883,1.19557,0.125,0.25,4.2718557,0.37260144,0.00593303,0.00216966,0.02,5.2395,3.30468035,5,0.08,3,0.24
2313.99,0.59135735,3.76299105,0.4745245,5.2395,4.313,0.9996,3,20,26.78590835,0.5,0.1,0.5,0.36,6.26869,0.5,0.98545883,1.19557,0.125,0.25,4.2718557,0.37260144,0.00593303,0.00216966,0.02,5.2395,3.30468035,5,0.08,3,0.24
2313.99,0.12395338,3.76299105,0.4745245,5.2395,4.313,0.9996,3,20,26.78590835,0.5,0.1,0.5,0.36,6.26869,0.5,1.93233242,1.19557,0.125,0.25,4.2718557,0.37260144,0.00593303,0.00216966,0.02,5.2395,3.30468035,5,0.08,3,0.24
2314,3,3.75894295,0.4745245,5.2395,4.313,0.9996,3,20,26.78590835,0.5,0.1,0.5,0.36,6.26869,0.5,0.94687359,1.19557,0.125,0.25,4.2718557,0.37260144,0.00593303,0.00216966,0.02,5.2395,3.30468035,5,0.08,3,0.24
2314,3,3.75894295,0.4745245,4.3101,1.743,0.9996,3,20,26.78590835,0.5,0.1,0.5,6.26869,0.5,0.36,1.4528628,1.19557,0.125,0.25,4.2718557,0.37260144,0.00593303,0.00216966,0.02,5.2395,3.30468035,5,0.08,3,5.7
2313.99,2.979,3.75894295,0.4745245,0.9996,3.4965,3,20,26.78590835,0.5,0.1,0.5,6.26869,0.5,0.36,2.45004328,1.4528628,1.19557,0.125,0.94687359,0.25,4.2718557,0.37260144,0.00593303,0.00216966,0.02,5.2395,3.30468035,5,0.24,0.08
2313.99,7.2943,3.75894295,0.4745245,1.743,0.9996,3.4965,3,20,26.78590835,0.5,0.1,0.5,6.26869,0.5,0.36,1.4528628,1.19557,0.125,0.94687359,0.25,4.2718557,0.37260144,0.00593303,0.00216966,0.02,4.3087,3.30468035,5,0.24,0.08
2313.99,2.979,3.75894295,0.4745245,1.743,0.9996,3.4965,3.4965,3,20,26.78590835,0.5,0.1,6.26869,0.5,0.36,1.19557,0.125,0.25,4.2718557,0.37260144,0.00593303,0.00216966,0.02,5.2395,3.30468035,5,0.24,3,5.7,1.77362173
2313.99,2.979,3.75894295,0.4745245,4.9252,0.9996,3.4965,3.4965,3,20,26.78590835,0.5,0.1,6.26869,0.5,0.36,0.94687359,1.19557,0.25,4.2718557,0.37260144,0.00593303,0.00216966,0.02,5.2395,3.30468035,5,0.24,6.993,3,5.7
2313.99,7.2888,3.75894295,0.4745245,1.743,0.9996,3.4965,3.4965,3,20,26.78590835,0.5,0.22,0.1,6.26869,0.5,2.42073639,1.19557,0.25,4.2718557,0.37260144,0.00593303,0.00216966,0.02,5.2395,3.30468035,5,0.24,6.993,3,5.7
2313.99,7.2888,3.75894295,0.4745245,1.743,0.9996,3.4965,20,26.78590835,0.5,0.22,0.1,6.26869,0.5,0.36,2.45004328,2.42073639,1.19557,0.25,4.2718557,0.37260144,0.00593303,0.00216966,0.02,5.2395,4.3135,3.30468035,5,0.24,6.993,3
2313.99,2.979,3.75894295,0.4745245,4.9246,1.743,0.9996,3.4965,20,26.78590835,0.5,0.22,0.1,6.26869,0.5,0.36,2.42073639,1.19557,0.25,4.2718557,0.37260144,0.00593303,0.00216966,0.02,5.2395,3.30468035,5,0.24,6.993,3,5.7
2313.99,2.979,3.75894295,0.4745245,1.743,4.9246,0.9996,3.4965,20,26.78590835,0.5,0.22,0.1,6.26869,0.5,0.36,2.42073639,1.19557,0.25,4.2718557,0.37260144,0.00593303,0.00216966,0.02,5.2395,3.30468035,5,0.24,6.993,3,5.7
2313.99,2.979,3.75894295,0.4745245,1.743,0.9996,3.4965,20,26.78590835,0.5,0.22,0.1,6.26869,0.36,0.5,2.45004328,2.42073639,1.19557,0.25,4.2718557,0.37260144,0.00593303,0.00216966,0.02,5.2395,3.30468035,5,0.24,6.993,3,5.7
2313.99,2.979,3.75894295,0.4745245,1.743,4.318,0.9996,3,3.4965,20,26.78590835,0.5,0.22,0.1,6.26869,0.36,2.42073639,1.19557,0.25,4.2718557,0.37260144,0.00593303,0.00216966,0.02,5.2395,3.30468035,5,0.24,6.993,3,5.7
2313.99,2.979,3.75894295,0.4745245,1.743,4.318,0.9996,3,3.4965,20,26.78590835,0.5,0.22,0.1,6.26869,0.36,2.42073639,1.19557,0.25,4.2718557,0.37260144,0.00593303,0.00216966,0.02,5.2395,3.30468035,5,0.24,6.993,3,5.7
2313.99,2.979,3.75894295,0.4745245,4.3158,1.743,0.9996,3,3.4965,20,26.78590835,0.5,0.1,6.26869,0.36,0.5,2.42073639,1.19557,0.25,4.2718557,0.37260144,0.00593303,0.00216966,0.02,5.2395,3.30468035,5,0.24,6.993,3,5.7
2313.99,2.979,3.75894295,0.4745245,1.743,4.3158,0.9996,3,3.4965,20,26.78590835,0.5,0.1,6.26869,0.36,0.5,1.4738628,1.19557,0.94687359,0.25,4.2718557,0.37260144,0.00593303,0.00216966,0.02,5.2395,3.30468035,5,0.24,6.993,5.7
2313.99,2.979,3.75894295,0.4745245,4.3125,1.743,0.9996,3,3.4965,20,0.5,26.78590835,0.5,0.1,6.26869,0.36,1.4738628,1.19557,0.25,4.2718557,0.37260144,0.00593303,0.00216966,0.02,5.2395,3.30468035,5,0.24,6.993,5.7,1.77362173
2313.99,2.88877436,3.75894295,0.4745245,5.2395,0.9996,3,20,0.5,26.78590835,0.5,0.1,6.26869,0.36,0.5,2.45004328,0.94687359,1.19557,0.25,4.2718557,0.37260144,0.00593303,0.02,5.2395,3.30468035,5,0.24,6.993,3,5.7,1.77362173
2313.99,7.20717436,3.75894295,0.4745245,1.743,0.9996,3,20,0.5,26.78590835,0.5,0.1,6.26869,0.36,0.5,2.45004328,2.51096203,1.19557,0.25,4.2718557,0.37260144,0.00593303,0.02,1.743,4.3119,3.30468035,5,0.24,3,5.7,1.77362173
2313.99,2.88877436,3.75894295,0.4745245,1.743,0.9996,3.4965,3,20,0.5,26.78590835,0.5,0.1,6.26869,0.36,0.5,2.51096203,1.19557,0.25,4.2718557,0.37260144,0.00593303,0.02,0.00217131,5.2395,3.30468035,5,0.24,6.993,5.7,1.77362173
2313.99,2.88877436,3.75894295,0.4745245,4.8388,0.9996,3.4965,3,20,0.5,26.78590835,0.5,0.1,6.26869,0.36,0.5,2.51096203,1.19557,0.25,4.2718557,0.37260144,0.00593303,0.02,0.00217131,5.2395,3.30468035,5,0.24,6.993,5.7,1.77362173
2313.99,2.88877436,3.75894295,0.4745245,1.743,4.8388,0.9996,3.4965,3,20,0.5,26.78590835,0.5,0.1,6.26869,0.36,2.51096203,1.19557,0.25,4.2718557,0.37260144,0.00593303,0.02,0.00217131,5.2395,3.30468035,5,0.24,6.993,5.7,1.77362173
2313.99,2.88877436,3.75894295,0.4745245,4.318,1.743,0.9996,3.4965,3,20,0.5,26.78590835,0.5,0.1,6.26869,0.36,2.51096203,1.19557,0.25,4.2718557,0.37260144,0.00593303,0.02,0.00217131,5.2395,3.30468035,5,0.24,6.993,5.7,1.77362173
2313.99,2.88877436,3.75894295,0.4745245,1.743,4.318,0.9996,3.4965,3,20,26.78590835,0.5,0.1,6.26869,0.36,0.5,2.51096203,1.19557,0.25,4.2718557,0.37260144,0.00593303,0.02,0.00217131,5.2395,3.30468035,5,0.24,6.993,5.7,1.77362173
2313.99,2.88877436,3.75894295,0.4745245,0.5,4.3195,1.743,0.9996,3.4965,20,26.78590835,0.5,0.1,6.26869,0.36,0.5,2.51096203,1.19557,0.25,4.2718557,0.37260144,0.00593303,0.02,0.00217131,5.2395,3.30468035,5,0.24,6.993,5.7,1.77362173
2313.99,2.88877436,3.75894295,0.4745245,0.5,1.743,4.3195,0.9996,3,3.4965,20,26.78590835,0.5,0.1,6.26869,0.36,2.51096203,1.19557,0.25,4.2718557,0.37260144,0.00593303,0.02,0.00217131,5.2395,3.30468035,5,0.24,6.993,5.7,1.77362173
2313.99,2.87235406,3.75894295,0.4745245,0.5,4.3118,1.743,0.9996,3,3.4965,20,26.78590835,0.5,0.1,6.26869,0.36,2.51096203,1.19557,0.25,4.2718557,0.37260144,0.00593303,0.02,0.00217131,5.2395,3.30468035,5,0.24,6.993,5.7,1.77362173
2313.99,2.87235406,3.75894295,0.4745245,0.5,1.743,4.3118,0.9996,3,3.4965,20,26.78590835,0.5,0.1,6.26869,0.36,2.52738233,1.19557,0.25,4.2718557,0.37260144,0.00593303,0.02,0.00217131,5.2395,3.30468035,5,0.24,6.993,5.7,1.77362173
2313.99,2.87235406,3.75894295,0.4745245,0.5,1.743,4.3171,0.9996,3,3.4965,20,26.78590835,0.5,0.1,6.26869,0.36,2.52738233,1.19557,0.25,4.2718557,0.37260144,0.00593303,0.02,0.00217131,5.2395,3.30468035,5,0.24,6.993,5.7,1.77362173
2313.99,2.87235406,3.75894295,0.4745245,0.5,1.743,0.9996,3,3.4965,20,26.78590835,0.5,0.1,6.26869,0.36,0.5,2.52738233,1.19557,0.25,4.2718557,0.37260144,0.00593303,0.02,0.00217131,5.2395,3.30468035,5,0.24,6.993,5.7,1.77362173
2313.99,2.87235406,3.75894295,0.4745245,0.5,4.3189,0.9996,3,0.384,3.4965,20,26.78590835,0.5,0.1,6.26869,0.36,2.52738233,1.19557,0.25,4.2718557,0.37260144,0.00593303,0.02,0.00217131,5.2395,3.30468035,5,0.24,6.993,5.7,1.77362173
2313.99,2.87235406,3.75894295,0.4745245,0.5,1.743,4.3189,0.9996,3,0.384,3.4965,20,26.78590835,0.5,0.1,6.26869,2.52738233,1.19557,0.25,4.2718557,0.37260144,0.00593303,0.02,0.00217131,5.2395,3.30468035,5,0.24,6.993,5.7,1.77362173
2313.99,2.87235406,3.75894295,0.4745245,4.31,0.9996,3,0.384,3.4965,20,26.78590835,0.5,0.1,6.26869,0.36,0.5,1.58050874,1.19557,0.25,4.2718557,0.37260144,0.00593303,0.02,0.00217131,3.30468035,5,0.24,5.7,1.77362173,3,0.2
2313.99,2.87235406,3.75894295,0.4745245,1.743,0.5,4.31,0.9996,3,0.384,3.4965,20,26.78590835,0.5,0.1,6.26869,1.58050874,1.19557,0.25,4.2718557,0.37260144,0.00593303,0.02,0.00217131,5.2395,3.30468035,5,0.24,6.993,5.7,1.77362173
2313.99,7.19115406,3.75894295,0.4745245,1.743,0.5,0.9996,3,0.384,3.4965,20,26.78590835,0.5,0.1,6.26869,0.36,1.58050874,1.19557,0.94687359,0.25,4.2718557,0.37260144,0.00593303,0.02,0.00217131,5.2395,4.317,3.30468035,5,0.24,1.577
2313.99,6.95448543,3.75894295,0.4745245,0.5,0.9996,3,0.384,3.4965,20,26.78590835,0.5,0.1,6.26869,0.36,0.5,1.58050874,1.19557,0.25,4.2718557,0.37260144,0.00593303,0.02,0.00217131,4.317,3.30468035,5,0.24,6.993,5.7,1.77362173
2312.08,2.63568543,3.75894295,0.4745245,4.7564,0.5,1.743,0.9996,3,0.384,3.4965,20,26.78590835,0.5,0.1,6.26869,0.94687359,0.25,4.2718557,0.37260144,0.00593303,0.02,0.00217131,5.2395,3.30468035,5,0.24,6.993,5.7,1.77362173,3
2312.08,2.63568543,3.75894295,0.4745245,4.7564,0.5,0.9996,3,3.4965,20,26.78590835,0.5,0.1,6.26869,0.36,0.5,1.81717737,0.25,4.2718557,0.37260144,0.00593303,0.02,0.00217131,5.2395,3.30468035,5,0.24,1.657,6.993,5.7,1.77362173
2312.08,6.95618543,3.75894295,0.4745245,1.743,0.5,0.9996,3,3.4965,20,26.78590835,0.5,0.1,6.26869,0.36,0.5,0.25,4.2718557,0.37260144,0.00593303,0.02,0.00217131,5.2395,3.30468035,5,0.24,1.657,6.993,5.7,1.77362173,0.2
2312.08,6.95618543,3.75894295,0.4745245,1.743,0.5,3.4965,0.9996,0.342,20,26.78590835,0.5,0.1,6.26869,0.36,0.5,1.81717737,0.25,4.2718557,0.37260144,0.00593303,0.02,0.00217131,5.2395,3.30468035,5,0.24,3,1.657,5.7,1.77362173
2313.99,6.46922719,3.75894295,0.4745245,1.743,0.5,3.4965,0.9996,0.857,20,26.78590835,0.5,0.1,6.26869,0.36,0.5,1.81717737,0.25,0.94687359,4.2718557,0.37260144,0.00593303,0.02,0.00217131,5.2395,3.30468035,5,0.24,6.993,3,1.657
2313.99,2.14872719,3.75894295,0.4745245,4.7549,1.743,0.5,3,3.4965,0.9996,0.857,20,26.78590835,0.5,0.1,6.26869,1.81717737,0.25,0.94687359,4.2718557,0.37260144,0.00593303,0.02,0.00217131,5.2395,3.30468035,5,0.24,6.993,3,1.657
2313.99,2.14872719,3.75894295,0.4745245,1.743,4.7549,3,0.9996,3.4965,0.857,20,26.78590835,0.5,0.1,6.26869,0.36,2.30413561,0.25,4.2718557,0.37260144,0.00593303,0.02,0.00217131,5.2395,3.30468035,5,0.24,6.993,3,5.7,1.77362173
2313.99,2.14872719,3.75894295,0.4745245,4.3131,3,0.9996,3.4965,0.857,20,0.04,26.78590835,0.5,0.1,6.26869,0.36,0.25,4.2718557,0.37260144,0.00593303,0.02,0.00217131,5.2395,3.30468035,5,0.24,6.993,5.7,1.77362173,0.2,0.5
2313.99,2.14872719,3.75894295,0.4745245,1.743,4.3131,0.9996,0.871,3.4965,20,0.04,26.78590835,0.5,0.1,6.26869,0.5,3.2510092,0.25,4.2718557,0.37260144,0.00593303,0.02,0.00217131,5.2395,3.30468035,5,3,6.993,5.7,1.77362173,0.2
2311.51,2.14872719,3.75894295,0.4745245,1.743,0.9996,0.871,3.4965,20,0.04,26.78590835,0.5,0.1,6.26869,0.5,2.45004328,1.7145792,0.25,4.2718557,0.37260144,0.00593303,0.02,0.00217131,5.2395,3.30468035,5,3,1.662,5.7,1.77362173,0.2
2311.51,2.14872719,3.75894295,0.4745245,4.3114,0.9996,0.871,3.4965,20,0.04,26.78590835,0.5,0.1,6.26869,0.5,2.45004328,0.76770561,0.25,4.2718557,0.37260144,0.00593303,0.02,0.00217131,5.2395,3.30468035,5,6.993,3,1.662,5.7,1.77362173
2311.51,2.14872719,3.75894295,0.4745245,1.743,0.9996,3,0.871,20,0.04,26.78590835,0.5,0.1,0.36,6.26869,0.5,0.76770561,0.25,4.2718557,0.37260144,0.00593303,0.02,0.00217131,5.2395,3.30468035,5,6.993,3,1.662,0.24,5.7
2311.51,6.46042719,3.75894295,0.4745245,1.743,0.9996,3.4965,0.871,20,0.04,26.78590835,0.5,0.1,0.36,6.26869,0.5,0.25,5.21872929,0.37260144,0.00593303,0.02,0.00217131,5.2395,3.30468035,5,6.993,3,0.24,5.7,1.77362173,0.2
2311.51,6.46042719,3.75894295,0.4745245,0.9996,3.4965,1.743,0.871,20,0.04,0.867,26.78590835,0.5,0.1,0.36,6.26869,0.25,1.743,5.21872929,0.37260144,0.00593303,0.02,0.00217131,3.30468035,5,6.993,3,0.24,5.7,1.77362173,0.2
2311.51,6.46042719,3.75894295,0.4745245,0.9996,3,3.4965,1.335,1.743,0.871,20,0.04,0.867,26.78590835,0.5,0.1,0.25,1.743,5.21872929,0.37260144,0.00593303,0.02,0.00217131,3.4965,3.30468035,5,5.67280988,6.993,3,0.24,5.7
2311.51,6.46042719,3.75894295,0.4745245,1.743,0.9996,3,3.4965,1.335,0.432,20,0.04,26.78590835,0.5,0.1,0.36,0.25,0.76770561,1.743,4.2718557,0.87260144,0.00593303,0.02,0.00217131,3.4965,3.30468035,5,5.67280988,6.993,3,0.24
2311.51,6.46042719,3.75894295,0.4745245,1.743,0.9996,3,3.4965,1.335,0.428,0.499,20,0.04,26.78590835,0.5,0.1,0.25,0.76770561,1.743,4.2718557,0.94687359,0.87260144,0.00593303,0.02,0.00217131,3.4965,3.30468035,5,5.67280988,6.993,3
2311.51,2.14872719,3.75894295,0.4745245,5.0603,1.743,0.9996,3,0.499,0.428,20,0.04,26.78590835,0.5,0.1,0.36,0.25,0.76770561,1.743,4.2718557,0.94687359,0.87260144,0.00593303,0.02,0.00217131,3.4965,3.30468035,5,5.67280988,6.993,3
2311.51,2.14872719,3.75894295,0.4745245,5.2395,5.0603,0.9996,3,0.499,0.202,0.428,20,0.04,26.78590835,0.5,0.1,0.25,1.743,4.2718557,0.87260144,0.00593303,0.02,0.00217131,3.4965,3.30468035,5,5.67280988,0.24,6.993,3,5.7
2311.51,2.14872719,3.75894295,0.4745245,5.2395,5.0603,0.9996,3,0.499,0.202,0.428,20,0.04,26.78590835,0.5,0.1,0.25,1.743,4.2718557,0.87260144,0.00593303,0.02,0.00217131,3.4965,3.30468035,5,5.67280988,0.24,6.993,3,5.7
2313.99,1.4798679,3.75894295,0.4745245,5.2395,0.9996,3,0.499,0.202,0.428,20,0.04,26.78590835,0.5,0.1,6.26869,0.25,0.76770561,1.743,4.2718557,0.87260144,0.00593303,0.02,0.00217131,3.4965,3.30468035,5,5.67280988,0.24,3,5.7
2313.99,5.7894679,3.75894295,0.4745245,5.2395,0.9996,3,0.202,0.428,20,0.04,26.78590835,0.5,0.1,6.26869,0.37,1.4365649,1.19687359,1.743,4.2718557,0.87260144,0.00593303,0.02,0.00217131,3.4965,6.993,3.30468035,5,5.67280988,0.24,3
2313.99,1.4798679,3.75894295,0.4745245,4.3195,5.2395,0.9996,3,0.202,0.428,0.297,20,0.04,26.78590835,0.5,0.1,0.25,4.2718557,0.87260144,0.00593303,0.02,0.00217131,3.4965,8.736,3.30468035,5,5.67280988,0.24,3,5.7,1.77362173
2313.99,1.4798679,3.75894295,0.4745245,5.2395,4.3195,0.9996,3,0.202,0.428,0.297,20,0.04,26.78590835,0.5,0.1,0.25,1.743,4.2718557,0.87260144,0.00593303,0.02,0.00217131,3.4965,6.993,3.30468035,5,5.67280988,0.24,5.7,1.77362173
2313.99,1.4798679,3.75894295,0.4745245,4.3129,5.2395,0.9996,3,0.202,0.428,0.297,20,0.04,26.78590835,0.5,0.1,0.25,1.743,0.94687359,4.2718557,0.87260144,0.00593303,0.02,0.00217131,3.4965,6.993,3.30468035,5,5.67280988,3,0.24
2313.99,1.4798679,3.75894295,0.4745245,5.2395,4.3129,0.9996,3,0.202,0.428,0.499,0.297,20,26.78590835,0.5,0.1,1.4365649,0.25,0.94687359,1.743,4.2718557,0.87260144,0.00593303,0.02,0.00217131,3.4965,6.993,3.30468035,5,5.67280988,3
2313.99,1.4798679,3.75894295,0.4745245,0.5,5.2395,0.9996,3,0.202,0.428,0.297,20,26.78590835,0.5,0.1,6.26869,1.4365649,0.25,4.2718557,0.87260144,0.00593303,0.02,0.00217131,3.4965,6.993,3.30468035,5,5.67280988,3,0.24,5.7
2313.99,1.4798679,3.75894295,0.4745245,0.5,4.3115,0.9996,3,0.202,0.428,0.299,0.297,20,26.78590835,0.5,0.1,2.38343849,0.25,4.2718557,0.87260144,0.00593303,0.02,0.00217131,12.2325,3.30468035,5,5.67280988,3,0.24,5.7,1.77362173
2313.99,1.4798679,3.75894295,0.4745245,0.5,5.2395,4.3115,0.9996,3,0.202,0.428,0.299,20,26.78590835,0.5,0.1,2.38343849,0.25,4.2718557,0.87260144,0.00593303,0.02,0.00217131,12.2325,3.30468035,5,5.67280988,3,0.24,5.7,1.77362173
2313.99,1.4798679,3.75894295,0.4745245,0.5,5.2395,4.3115,0.9996,3,0.202,0.428,0.299,20,26.78590835,0.5,0.1,1.4365649,0.25,0.94687359,4.2718557,0.87260144,0.00593303,0.02,0.00217131,12.2325,3.30468035,5,5.67280988,3,0.24,5.7
2313.99,1.4798679,3.75894295,0.4745245,0.5,4.3113,5.2395,0.9996,3,0.202,0.428,0.299,20,26.78590835,0.5,0.1,1.4365649,0.25,4.2718557,0.87260144,0.00593303,0.02,0.00217131,12.2325,3.30468035,5,5.67280988,3,0.24,5.7,1.77362173
2313.99,1.4798679,3.75894295,0.4745245,0.5,5.2395,4.3113,0.9996,3,0.202,0.428,0.299,20,26.78590835,0.5,0.1,1.4365649,0.25,0.94687359,4.2718557,0.87260144,0.00593303,0.02,12.2325,3.30468035,5,5.67280988,3,0.24,5.7,1.77362173
2313.99,1.35763258,3.75894295,0.4745245,0.5,4.3155,0.9996,3,0.202,0.428,0.299,20,26.78590835,0.5,0.1,6.26869,1.4365649,0.25,0.94687359,4.2718557,0.87260144,0.00593303,0.0021694,0.02,12.2325,3.30468035,5,5.67280988,3,0.24,5.7
2313.99,1.35763258,3.75894295,0.4745245,0.5,5.2395,4.3155,0.9996,3,0.202,0.428,0.299,20,26.78590835,0.5,0.1,0.25,0.94687359,4.2718557,0.87260144,0.00593303,0.0021694,0.02,12.2325,3.30468035,5,5.67280988,3,0.24,5.7,1.77362173
2313.99,1.35763258,3.75894295,0.4745245,0.5,5.2395,4.3155,0.9996,3,0.202,0.428,0.299,20,26.78590835,0.5,0.1,1.46357,0.25,0.94687359,1.743,4.2718557,0.87260144,0.00593303,0.0021694,0.02,10.4895,3.30468035,5,5.67280988,0.24,5.7
2313.99,1.1418797,3.75894295,0.4745245,4.3155,0.04,0.9996,0.202,0.428,0.299,20,26.78590835,0.5,0.1,6.26869,0.37,2.41044359,0.25,4.2718557,0.87260144,0.00593303,0.0021694,0.02,3.4965,3.30468035,5,5.67280988,3,0.24,5.7,1.77362173
2313.99,1.1418797,3.75894295,0.4745245,1.743,4.3155,0.04,0.9996,0.202,3.4965,0.428,0.299,20,26.78590835,0.23,0.5,1.743,2.41044359,0.25,4.2718557,0.87260144,0.00593303,0.0021694,0.02,3.4965,3.30468035,5,5.67280988,3,0.24,5.7
2313.99,0.6251577,3.75894295,0.4745245,1.743,0.04,4.311,0.9996,0.202,3.4965,0.428,0.299,0.225,20,26.78590835,0.23,1.743,2.41044359,0.25,4.2718557,0.87260144,0.00593303,0.0021694,0.02,3.4965,3.30468035,5,5.67280988,3,0.24,5.7
2313.99,0.6251577,3.75894295,0.4745245,4.3183,1.743,0.04,0.9996,0.428,20,3,26.78590835,0.5,0.1,6.993,23,1.743,2.41044359,0.25,4.2718557,0.87260144,0.00593303,0.0021694,0.02,3.4965,3.30468035,5,5.67280988,3,0.24,5.7
2313.99,0.6251577,3.75894295,0.4745245,1.743,4.3183,0.04,0.9996,3.4965,0.428,20,26.78590835,0.5,0.1,6.993,23,2.41044359,0.25,4.2718557,0.87260144,0.00593303,0.0021694,0.02,5.2395,3.30468035,5,5.67280988,3,0.24,5.7,1.77362173
2313.99,0.6251577,3.75894295,0.4745245,1.743,4.316,0.04,0.9996,3.4965,0.428,20,0.192,26.78590835,0.5,0.1,6.993,2.41044359,0.25,4.2718557,0.87260144,0.00593303,0.0021694,0.02,5.2395,3.30468035,5,5.67280988,3,0.24,5.7,1.77362173
2313.99,0.6251577,3.75894295,0.4745245,1.743,4.316,0.04,0.9996,3.4965,0.428,0.204,20,26.78590835,0.5,0.1,6.993,1.46357,0.25,4.2718557,0.87260144,0.00593303,0.0021694,0.02,5.2395,3.30468035,5,5.67280988,3,0.24,5.7,1.77362173
2313.99,0.6251577,3.75894295,0.4745245,4.3129,1.743,0.04,0.9996,3.4965,0.428,0.204,20,3,26.78590835,0.5,0.1,1.46357,0.25,0.94687359,4.2718557,0.87260144,0.00593303,0.0021694,0.02,5.2395,3.30468035,5,5.67280988,3,0.24,5.7
2313.99,0.6251577,3.75894295,0.4745245,1.743,4.3129,0.04,0.9996,3.4965,0.428,0.204,20,3,26.78590835,0.5,0.1,1.46357,0.25,0.94687359,4.2718557,0.87260144,0.00593303,0.0021694,0.02,5.2395,3.30468035,5,5.67280988,3,0.24,5.7
2313.99,0.6251577,3.75894295,0.4745245,4.3105,1.743,0.04,0.9996,3.4965,0.428,0.204,20,3,26.78590835,0.5,0.1,1.46357,0.25,4.2718557,0.87260144,0.00593303,0.0021694,0.02,5.2395,3.30468035,5,5.67280988,3,0.24,5.7,1.77362173
2313.99,0.6251577,3.75894295,0.4745245,1.743,4.3105,0.04,0.9996,3.4965,20,3,26.78590835,0.5,0.1,6.993,23,1.46357,0.25,0.94687359,4.2718557,0.87260144,0.00593303,0.0021694,0.02,5.2395,3.30468035,5,5.67280988,3,0.24,5.7
2313.99,0.6251577,3.75894295,0.4745245,4.3116,1.743,0.04,0.9996,3.4965,20,3,26.78590835,0.5,0.1,6.993,23,1.46357,0.25,0.94687359,4.2718557,0.87260144,0.00593303,0.0021694,0.02,5.2395,3.30468035,5,5.67280988,3,0.24,5.7
2313.99,0.6251577,3.75894295,0.4745245,1.743,4.3116,0.04,0.9996,3.4965,20,3,26.78590835,0.5,0.1,6.993,23,1.46357,0.25,0.94687359,4.2718557,0.87260144,0.00593303,0.0021694,0.02,5.2395,3.30468035,5,5.67280988,3,0.24,5.7
2313.99,0.6251577,3.75894295,0.4745245,4.3144,0.04,0.9996,3.4965,20,3,26.78590835,0.5,0.1,6.993,23,6.26869,1.46357,0.25,0.94687359,4.2718557,0.87260144,0.00593303,0.0021694,0.02,5.2395,3.30468035,5,5.67280988,3,0.24,5.7
2313.99,0.6251577,3.75894295,0.4745245,1.743,0.04,4.3174,0.9996,3.4965,20,3,26.78590835,0.5,0.1,6.993,23,1.46357,0.25,0.94687359,4.2718557,0.87260144,0.00593303,0.0021694,0.02,5.2395,3.30468035,5,5.67280988,3,0.24,5.7
2313.99,0.6251577,3.75894295,0.4745245,1.743,0.04,3.4965,4.3174,0.9996,20,3,26.78590835,0.5,0.1,6.993,23,1.46357,0.25,0.94687359,4.2718557,0.87260144,0.00593303,0.0021694,0.02,5.2395,3.30468035,5,5.67280988,3,0.24,5.7
2313.99,0.1949993,3.75894295,0.4745245,1.743,4.3103,0.04,0.9996,3.4965,20,3,26.78590835,0.5,0.1,6.993,23,1.46357,0.25,0.94687359,4.2718557,0.87260144,0.00593303,0.0021694,0.02,5.2395,3.30468035,5,5.67280988,3,0.24,5.7
2313.99,3,3.75894295,0.4745245,4.3141,1.743,0.04,0.9996,3.4965,20,3,26.78590835,0.5,0.1,6.993,23,1.46357,0.25,0.94687359,4.2718557,0.87260144,0.00593303,0.0021694,0.02,5.2395,3.30468035,5,5.67280988,0.24,3,5.7
2313.99,3,3.75894295,0.4745245,1.743,4.3141,0.04,0.9996,3.4965,20,3,26.78590835,0.5,0.1,6.993,23,1.46357,0.25,0.94687359,4.2718557,0.87260144,0.00593303,0.0021694,0.02,5.2395,3.30468035,5,5.67280988,0.24,3,5.7
2313.99,4.3187,3,3.75894295,0.4745245,1.743,0.04,0.9996,3.4965,20,3,26.78590835,0.5,0.1,6.993,23,1.46357,0.25,0.94687359,4.2718557,0.87260144,0.00593303,0.0021694,0.02,5.2395,3.30468035,5,5.67280988,0.24,3,5.7
2313.99,4.3187,3,3.75894295,0.4745245,0.04,0.9996,5.2395,20,3,26.78590835,0.5,0.1,6.993,23,6.26869,1.46357,0.25,0.94687359,4.2718557,0.87260144,0.00593303,0.0021694,0.02,5.2395,3.30468035,5,5.67280988,0.24,3,5.7
2311.5,8.28643,4.3187,3,3.75894295,0.4745245,0.04,0.9996,5.2395,20,3,26.78590835,0.5,0.1,6.993,23,0.94687359,4.2718557,0.87260144,0.00593303,0.0021694,0.02,5.2395,3.30468035,5,5.67280988,0.24,3,5.7,1.77362173,0.2
2311.5,7.0285665,4.3187,3.75894295,0.4745245,0.04,0.9996,5.2395,20,3,26.78590835,0.5,0.1,6.993,23,6.26869,4.2718557,0.94687359,0.87260144,0.00593303,0.0021694,0.02,5.2395,3.30468035,5,5.67280988,0.24,5.7,1.77362173,0.2,0.5
2311.5,10.0285665,4.3187,3.75894295,0.4745245,0.04,0.9996,5.2395,20,3,26.78590835,0.5,0.1,6.993,23,6.26869,4.2718557,0.94687359,0.87260144,0.00593303,0.0021694,0.02,5.2395,3.30468035,5,5.67280988,3,0.24,5.7,1.77362173,0.2
2311.5,10.0285665,4.3187,3.75894295,0.4745245,0.9996,1.15,5.2395,20,3,26.78590835,0.5,0.1,23,6.26869,0.37,4.2718557,0.94687359,0.87260144,0.00593303,0.0021694,0.02,5.2395,3.30468035,5,5.67280988,3,0.24,5.7,1.77362173,0.2
2311.11,4.5734612,7.0285665,4.3187,3.75894295,0.4745245,0.04,0.9996,5.2395,20,3,26.78590835,0.5,0.1,23,6.26869,0.87260144,0.00593303,0.0021694,0.02,5.2395,3.30468035,5,5.67280988,3,0.24,5.7,1.77362173,0.2,0.5,0.10287
2311.11,4.5734612,7.0285665,3.75894295,0.4745245,0.04,0.9996,5.2395,20,3,26.78590835,0.5,0.1,23,6.26869,0.37,0.94687359,0.87260144,0.00593303,0.0021694,0.02,5.2395,3.30468035,5,5.67280988,3,0.24,5.7,1.77362173,0.2,0.5
2311.11,4.5734612,7.3206,7.0285665,0.0040749,3.75894295,0.4745245,0.04,0.9996,0.687,5.2395,20,3,26.78590835,0.5,0.1,0.87260144,0.00593303,0.94687359,0.0021694,0.02,5.2395,3.30468035,5,5.67280988,3,0.24,5.7,1.77362173,0.2,0.5
2311.11,7.3206,7.0285665,0.0040749,3.75894295,0.4745245,0.04,0.9996,0.687,5.2395,20,3,26.78590835,0.5,0.1,23,0.87260144,0.94687359,0.00593303,0.0021694,0.02,5.2395,3.30468035,5,5.67280988,3,0.24,5.7,1.77362173,0.2,0.5
2311.11,7.3206,7.0285665,0.0040749,3.75894295,0.4745245,0.04,0.9996,0.687,5.2395,20,3,26.78590835,0.5,0.1,23,0.87260144,0.94687359,0.00593303,0.0021694,0.02,5.2395,3.30468035,5,5.67280988,3,0.24,5.7,1.77362173,0.2,0.5
2311.11,7.3206,7.0285665,0.0040749,3.75894295,0.4745245,0.04,0.9996,3.4965,0.687,1.743,20,3,26.78590835,0.5,0.1,0.002519,0.87260144,0.00593303,0.0021694,0.02,5.2395,3.30468035,5,5.67280988,3,0.24,5.7,1.77362173,0.2,0.5
2311.11,7.3206,7.0285665,0.0040749,3.75894295,0.4745245,0.04,0.9996,3.4965,0.687,1.743,20,3,26.78590835,0.5,0.1,0.002519,0.87260144,0.00593303,0.0021694,0.94687359,0.02,5.2395,3.30468035,5,5.67280988,3,0.24,5.7,1.77362173,0.2
2311.11,7.3206,7.0285665,0.0040749,3.75894295,0.4745245,0.04,0.9996,1.743,0.704,3.4965,20,3,26.78590835,0.5,0.1,0.002519,0.87260144,0.00593303,0.0021694,0.02,5.2395,3.30468035,5,5.67280988,3,0.24,5.7,1.77362173,0.2,0.5
2311.11,7.3206,7.0285665,0.0040749,3.75894295,0.4745245,0.04,0.9996,1.743,0.704,3.4965,20,3,26.78590835,0.5,0.1,0.002519,0.87260144,0.00593303,0.0021694,0.94687359,0.02,5.2395,3.30468035,5,5.67280988,3,0.24,5.7,1.77362173,0.2
2311.11,7.3206,7.0285665,0.0040749,3.75894295,0.4745245,0.04,0.9996,0.692,1.743,3.4965,20,26.78590835,0.5,0.1,23,0.002519,0.87260144,0.00593303,0.0021694,0.94687359,0.02,5.2395,3.30468035,5,5.67280988,3,0.24,5.7,1.77362173,0.2
2311.11,7.3206,7.0285665,0.0040749,3.75894295,0.4745245,0.04,0.9996,0.692,1.743,3.4965,0.589,20,3,26.78590835,0.5,0.002519,0.87260144,0.00593303,0.0021694,0.94687359,0.02,5.2395,3.30468035,5,5.67280988,3,0.24,5.7,1.77362173,0.2
2311.11,7.3206,7.0285665,0.0040749,3.75894295,0.4745245,0.04,0.9996,0.692,1.743,3.4965,0.589,20,3,26.78590835,0.5,0.002519,0.87260144,0.00593303,0.0021694,0.02,5.2395,3.30468035,5,5.67280988,3,0.24,5.7,1.77362173,0.2,0.5
2311.11,7.3206,7.0285665,0.0040749,3.75894295,0.4745245,0.04,0.9996,0.692,1.743,3.4965,20,3,26.78590835,0.5,0.1,0.002519,0.87260144,0.00593303,0.0021694,0.94687359,0.02,5.2395,3.30468035,5,5.67280988,3,0.24,5.7,1.77362173,0.2
2311.11,7.3206,7.0285665,0.0040749,3.75894295,0.4745245,0.04,0.9996,0.692,1.743,3.4965,0.498,20,3,26.78590835,0.5,0.002519,0.87260144,0.00593303,0.0021694,0.94687359,0.02,5.2395,3.30468035,5,5.67280988,3,0.24,5.7,1.77362173,0.2
2311.11,7.3206,7.0285665,0.0040749,3.75894295,0.4745245,0.04,0.9996,0.692,1.743,3.4965,0.498,20,3,26.78590835,0.5,0.002519,0.87260144,0.00593303,0.0021694,0.94687359,0.02,5.2395,3.30468035,5,5.67280988,3,0.24,5.7,1.77362173,0.2
2311.11,7.3206,7.0285665,0.0040749,3.75894295,0.4745245,0.9996,0.692,1.743,3.4965,0.498,20,3,26.78590835,0.5,0.1,0.002519,0.87260144,0.00593303,0.0021694,0.94687359,0.02,5.2395,3.30468035,5,5.67280988,3,5.7,1.77362173,0.2,0.5
2311.49,7.14047581,7.0285665,0.0040749,3.75894295,0.4745245,0.9996,0.692,1.743,3.4965,0.498,20,3,26.78590835,0.5,0.37,0.002519,0.87260144,0.00593303,0.02,5.2395,3.30468035,5,5.67280988,3,5.7,1.77362173,0.2,0.24,0.10287,1.40055519
2311.49,7.05025081,7.0285665,0.0040749,3.75894295,0.4745245,0.9996,0.692,1.743,3.4965,0.498,20,3,26.78590835,0.5,0.37,0.002519,0.87260144,0.00593303,0.02,5.2395,3.30468035,5,5.67280988,5.7,1.77362173,0.2,0.24,0.10287,1.40055519,1.975
2311.49,7.05025081,7.0285665,0.0040749,3.75894295,0.4745245,0.9996,0.692,1.743,3.4965,0.498,20,3,26.78590835,0.5,0.37,0.002519,0.87260144,0.94687359,0.00593303,0.00217042,0.02,5.2395,3.30468035,5,5.67280988,5.7,1.77362173,0.2,0.24,0.10287
2311.49,7.05025081,7.0285665,0.0040749,3.75894295,0.4745245,0.9996,0.692,20,3,26.78590835,0.5,0.37,0.1,6.993,23,0.002519,0.94687359,0.87260144,0.00593303,0.00217042,0.02,5.2395,3.30468035,5,5.67280988,5.7,1.77362173,3,0.2,0.24
2311.49,7.05025081,7.0285665,0.0040749,3.75894295,0.4745245,0.9996,5.2395,0.692,0.321,20,3,26.78590835,0.5,0.37,0.1,0.002519,0.94687359,0.87260144,0.00593303,0.00217042,0.02,5.2395,3.30468035,5,5.67280988,5.7,1.77362173,3,0.2,0.24
2311.49,7.05025081,7.0285665,0.0040749,3.75894295,0.4745245,0.9996,0.969,5.2395,0.692,0.321,20,3,26.78590835,0.5,0.37,0.002519,0.87260144,0.00593303,0.00217042,0.02,5.2395,3.30468035,5,5.67280988,5.7,1.77362173,3,0.2,0.24,0.10287
2311.49,7.05025081,7.0285665,0.0040749,0.4745245,0.9996,0.969,5.2395,20,3,26.78590835,0.5,0.37,0.1,6.993,23,0.002519,0.94687359,0.87260144,0.00593303,0.00217042,0.02,5.2395,3.30468035,5,5.67280988,5.7,1.77362173,3,0.2,0.24
2311.49,7.05025081,7.0285665,0.0040749,0.4745245,0.9996,0.399,5.2395,20,0.522,3,26.78590835,0.5,0.37,0.1,6.993,0.002519,0.94687359,0.87260144,0.00593303,0.00217042,0.02,5.2395,3.30468035,5,5.67280988,5.7,1.77362173,3,0.2,0.24
2311.49,7.05025081,7.0285665,0.0040749,0.4745245,0.9996,0.399,5.2395,20,0.522,3,26.78590835,0.5,0.37,0.1,6.993,0.002519,0.87260144,0.00593303,0.00217042,0.02,5.2395,3.30468035,5,5.67280988,5.7,1.77362173,3,0.2,0.24,0.10287
2311.49,7.05025081,7.0285665,0.0040749,0.4745245,0.9996,0.399,5.2395,20,0.522,26.78590835,0.5,0.37,0.1,6.993,23,0.002519,0.94687359,0.87260144,0.00593303,0.00217042,0.02,5.2395,3.30468035,5,5.67280988,5.7,1.77362173,3,0.2,0.24
2311.49,7.00135254,7.0285665,0.0040749,0.4745245,0.9996,0.399,5.2395,20,3,0.522,26.78590835,0.5,0.37,0.1,6.993,0.002519,0.87260144,0.00593303,0.00217042,0.02,5.2395,3.30468035,5,5.67280988,5.7,1.77362173,3,0.2,0.24,0.10287
2311.49,7.00135254,7.0285665,0.0040749,0.4745245,0.9996,0.399,5.2395,20,0.522,26.78590835,0.5,0.37,0.1,6.993,23,0.002519,0.87260144,0.00593303,0.00217042,0.02,5.2395,3.30468035,5,5.67280988,6.993,5.7,1.77362173,3,0.2,0.24
2311.49,7.00135254,7.0285665,0.0040749,0.4745245,0.9996,3,0.399,20,26.78590835,0.5,0.37,0.1,6.993,23,6.26869,0.002519,0.87260144,0.00593303,0.00217042,0.02,5.2395,3.30468035,5,5.67280988,6.993,5.7,1.77362173,3,0.2,0.24
2311.49,4.00135254,7.0285665,0.0040749,3,0.4745245,1.743,0.9996,3.4965,3,0.399,20,26.78590835,0.5,0.37,0.1,0.002519,0.94687359,0.37260144,0.00593303,0.00217042,0.02,5.2395,3.30468035,5,5.67280988,6.993,5.7,1.77362173,0.2,0.24
2311.49,4.00135254,7.0285665,0.4745245,1.743,0.9996,3.4965,0.365,20,3,26.78590835,0.5,0.37,0.1,6.993,23,0.002519,0.37260144,0.00593303,0.00217042,0.02,5.2395,3.30468035,5,5.67280988,6.993,5.7,1.77362173,0.2,0.24,0.10287
2311.49,3,4.00135254,7.0285665,0.4745245,1.743,0.9996,0.393,3.4965,20,3,26.78590835,0.5,0.37,0.1,6.993,0.002519,0.94687359,0.37260144,0.00593303,0.00217042,0.02,5.2395,3.30468035,5,5.67280988,6.993,5.7,1.77362173,0.2,0.24
