2312.06,2315.93,3.0,2315.95,1.1166637,2315.98,0.209,2315.99,4.8737632,2316.0,0.4745245,2318.5,0.9996,2318.73,5.2395,2318.75,3.0,2319.0,20.0,2320.0,26.78590835,2320.2,0.5,2321.43,0.1,2323.05,0.5,2323.93,6.26869,2324.67,0.5,2312.06,0.94687359,2312.05,0.125,2312.04,0.121,2312.03,0.245,2311.5,0.25,2311.11,4.2718557,2310.0,0.37260144,2309.61,0.00593303,2307.89,0.02,2306.18,0.00217242,2306.02,5.2395,2306.0,3.30468035,2305.0,5.0,2300.8,7.233,2300.77,3.0
2312.06,2315.93,3.0,2315.98,0.209,2315.99,4.8737632,2316.0,0.4745245,2318.5,0.9996,2318.73,3.4965,2318.75,3.0,2319.0,20.0,2320.0,26.78590835,2320.2,0.5,2321.43,0.1,2323.05,0.5,2323.93,6.26869,2324.67,0.5,2324.99,0.36,2312.05,0.125,2312.04,0.121,2312.03,0.245,2311.5,0.25,2311.11,4.2718557,2310.0,0.37260144,2309.61,0.00593303,2307.89,0.02,2306.18,0.00217242,2306.02,5.2395,2306.0,3.30468035,2305.0,5.0,2300.8,7.233,2300.77,3.0,2300.11,0.5
2312.06,2315.92,4.3213,2315.93,3.0,2315.97,1.42318382,2315.98,0.209,2315.99,4.8737632,2316.0,0.4745245,2318.48,1.743,2318.5,0.9996,2318.73,3.4965,2318.75,3.0,2319.0,20.0,2320.0,26.78590835,2320.2,0.5,2321.43,0.1,2323.05,0.5,2312.05,0.125,2312.04,0.121,2312.03,0.245,2311.76,0.94687359,2311.5,0.25,2311.11,4.2718557,2310.0,0.37260144,2309.61,0.00593303,2307.89,0.02,2306.18,0.00217242,2306.02,5.2395,2306.0,3.30468035,2305.0,5.0,2300.8,7.233,2300.77,3.0
2312.06,2315.92,4.3213,2315.93,3.0,2315.99,4.8737632,2316.0,0.4745245,2318.48,1.743,2318.5,0.9996,2318.73,3.4965,2318.75,3.0,2319.0,20.0,2320.0,26.78590835,2320.2,0.5,2320.68,0.499,2321.43,0.1,2323.05,0.5,2323.93,6.26869,2312.08,1.19557,2312.05,0.125,2312.04,0.121,2312.03,0.245,2311.76,0.94687359,2311.5,0.25,2311.11,4.2718557,2310.0,0.37260144,2309.61,0.00593303,2307.89,0.02,2306.18,0.00217242,2306.02,5.2395,2306.0,3.30468035,2305.0,5.0,2300.8,7.233
2312.06,2315.91,1.42318382,2315.92,4.3213,2315.93,3.0,2315.99,4.8737632,2316.0,0.4745245,2318.48,1.743,2318.5,0.9996,2318.73,3.4965,2318.75,3.0,2319.0,20.0,2320.0,26.78590835,2320.2,0.5,2321.43,0.1,2323.05,0.5,2323.93,6.26869,2312.08,1.19557,2312.05,0.25,2312.04,0.121,2312.03,0.245,2311.51,0.94687359,2311.5,0.25,2311.11,4.2718557,2310.0,0.37260144,2309.61,0.00593303,2307.89,0.02,2306.02,5.2395,2306.0,3.30468035,2305.0,5.0,2300.8,7.233,2300.77,3.0
2312.06,2315.91,1.42318382,2315.92,4.3213,2315.93,3.0,2315.99,4.8737632,2316.0,0.4745245,2318.48,1.743,2318.5,0.9996,2318.73,3.4965,2318.75,3.0,2319.0,20.0,2320.0,26.78590835,2320.2,0.5,2321.43,0.1,2323.05,0.5,2323.93,6.26869,2312.08,1.19557,2312.05,0.25,2312.04,0.121,2312.03,0.245,2311.5,0.25,2311.11,4.2718557,2310.0,0.37260144,2309.61,0.00593303,2307.89,0.02,2306.02,5.2395,2306.0,3.30468035,2305.0,5.0,2300.8,7.233,2300.77,3.0,2300.11,0.5
2312.06,2315.9,4.3119,2315.91,1.42318382,2315.93,3.0,2315.99,4.8737632,2316.0,0.4745245,2318.48,1.743,2318.5,0.9996,2318.73,3.4965,2318.75,3.0,2319.0,20.0,2320.0,26.78590835,2320.2,0.5,2321.43,0.1,2323.05,0.5,2323.93,6.26869,2312.08,1.19557,2312.05,0.25,2312.04,0.121,2312.03,0.245,2311.61,0.94687359,2311.5,0.25,2311.11,4.2718557,2310.0,0.37260144,2309.61,0.00593303,2309.12,0.00216966,2307.89,0.02,2306.02,5.2395,2306.0,3.30468035,2305.0,5.0,2300.8,7.233
2312.06,2315.9,4.3119,2315.91,1.42318382,2315.93,3.0,2315.99,4.8737632,2316.0,0.4745245,2318.48,1.743,2318.5,0.9996,2318.73,3.4965,2318.75,3.0,2319.0,20.0,2320.0,26.78590835,2320.2,0.5,2321.43,0.1,2323.05,0.5,2323.93,6.26869,2312.08,1.19557,2312.05,0.25,2312.04,0.121,2312.03,0.245,2311.61,0.94687359,2311.5,0.25,2311.11,4.2718557,2310.0,0.37260144,2309.61,0.00593303,2309.12,0.00216966,2307.89,0.02,2306.02,5.2395,2306.0,3.30468035,2305.0,5.0,2300.8,7.233
2312.06,2315.9,4.3119,2315.91,1.42318382,2315.93,3.0,2315.99,4.8737632,2316.0,0.4745245,2318.48,1.743,2318.5,0.9996,2318.73,3.4965,2318.75,3.0,2319.0,20.0,2320.0,26.78590835,2320.2,0.5,2321.43,0.1,2323.05,0.5,2323.93,6.26869,2312.08,1.19557,2312.05,0.25,2312.04,0.121,2312.03,0.245,2311.61,0.94687359,2311.5,0.25,2311.11,4.2718557,2310.0,0.37260144,2309.61,0.00593303,2309.12,0.00216966,2307.89,0.02,2306.02,5.2395,2306.0,3.30468035,2305.0,5.0,2300.81,0.24
2312.06,2315.9,4.3119,2315.91,1.42318382,2315.93,3.0,2315.99,4.8737632,2316.0,0.4745245,2318.48,1.743,2318.5,0.9996,2318.73,3.4965,2319.0,20.0,2320.0,26.78590835,2320.2,0.5,2321.43,0.1,2323.05,0.5,2323.93,6.26869,2324.66,0.36,2312.08,1.19557,2312.05,0.25,2312.03,0.245,2311.61,0.94687359,2311.5,0.25,2311.11,4.2718557,2310.0,0.37260144,2309.61,0.00593303,2309.12,0.00216966,2307.89,0.02,2306.02,5.2395,2306.0,3.30468035,2305.0,5.0,2300.81,0.24,2300.8,6.993
2312.06,2314.0,3.76299105,2315.9,4.3119,2315.91,1.42318382,2315.93,3.0,2315.99,4.8737632,2316.0,0.4745245,2318.48,1.743,2318.5,0.9996,2318.76,3.0,2318.98,3.4965,2319.0,20.0,2320.0,26.78590835,2320.2,0.5,2321.43,0.1,2323.05,0.5,2312.08,1.19557,2312.05,0.25,2312.03,0.245,2311.5,0.25,2311.11,4.2718557,2310.0,0.37260144,2309.61,0.00593303,2309.12,0.00216966,2307.89,0.02,2306.02,5.2395,2306.0,3.30468035,2305.0,5.0,2300.81,0.24,2300.11,0.5,2300.05,5.7
2312.06,2314.0,3.76299105,2315.9,4.3119,2315.99,4.8737632,2316.0,0.4745245,2318.48,1.743,2318.5,0.9996,2318.98,3.4965,2319.0,20.0,2320.0,26.78590835,2320.2,0.5,2321.43,0.1,2323.05,0.5,2323.93,6.26869,2324.66,0.36,2324.67,0.5,2312.09,0.94687359,2312.08,1.19557,2312.05,0.25,2312.03,0.245,2311.5,0.25,2311.11,4.2718557,2310.0,0.37260144,2309.61,0.00593303,2309.12,0.00216966,2307.89,0.02,2306.02,5.2395,2306.0,3.30468035,2305.0,5.0,2300.83,6.993,2300.81,0.24
2312.06,2313.99,3.0,2314.0,3.76299105,2315.9,4.3119,2315.99,4.8737632,2316.0,0.4745245,2318.48,1.743,2318.5,0.9996,2318.76,3.0,2318.98,3.4965,2319.0,20.0,2320.0,26.78590835,2320.2,0.5,2321.43,0.1,2323.05,0.5,2323.93,6.26869,2312.08,1.19557,2312.05,0.25,2312.03,0.245,2311.5,0.25,2311.11,4.2718557,2310.0,0.37260144,2309.61,0.00593303,2309.12,0.00216966,2307.89,0.02,2306.02,5.2395,2306.0,3.30468035,2305.0,5.0,2300.83,6.993,2300.81,0.24,2300.11,0.5
2312.06,2313.99,4.42318382,2314.0,3.76299105,2315.9,4.3119,2315.99,4.8737632,2316.0,0.4745245,2318.48,1.743,2318.5,0.9996,2318.76,3.0,2318.98,3.4965,2319.0,20.0,2320.0,26.78590835,2320.2,0.5,2321.43,0.1,2323.05,0.5,2323.93,6.26869,2312.08,1.19557,2312.05,0.25,2312.03,0.245,2311.5,0.25,2311.11,4.2718557,2310.0,0.37260144,2309.61,0.00593303,2309.12,0.00216966,2307.89,0.02,2306.02,5.2395,2306.0,3.30468035,2305.0,5.0,2300.83,6.993,2300.81,0.24,2300.11,0.5
2313.99,2313.99,3.88602894,2314.0,3.76299105,2315.99,4.8737632,2316.0,0.4745245,2318.48,1.743,2318.5,0.9996,2318.76,3.0,2318.98,3.4965,2319.0,20.0,2320.0,26.78590835,2320.2,0.5,2321.43,0.1,2323.05,0.5,2323.93,6.26869,2324.66,0.36,2312.08,1.19557,2312.05,0.25,2312.03,0.245,2311.5,0.25,2311.11,4.2718557,2310.0,0.37260144,2309.61,0.00593303,2309.12,0.00216966,2307.89,0.02,2306.02,5.2395,2306.0,3.30468035,2305.0,5.0,2300.83,6.993,2300.81,0.24,2300.11,0.5
2313.99,2313.99,5.5207819,2314.0,3.76299105,2315.99,4.8737632,2316.0,0.4745245,2318.48,1.743,2318.5,0.9996,2318.76,3.0,2318.98,3.4965,2319.0,20.0,2320.0,26.78590835,2320.2,0.5,2321.43,0.1,2323.05,0.5,2323.93,6.26869,2324.66,0.36,2312.08,1.19557,2312.05,0.25,2312.03,0.245,2311.5,0.25,2311.31,0.94687359,2311.11,4.2718557,2310.0,0.37260144,2309.61,0.00593303,2309.12,0.00216966,2307.89,0.02,2306.02,5.2395,2306.0,3.30468035,2305.0,5.0,2300.83,6.993,2300.81,0.24
2313.99,2313.99,1.1996819,2314.0,3.76299105,2315.98,4.3215,2315.99,4.8737632,2316.0,0.4745245,2318.48,1.743,2318.5,0.9996,2318.76,3.0,2318.98,3.4965,2319.0,20.0,2320.0,26.78590835,2320.2,0.5,2321.43,0.1,2323.05,0.5,2323.93,6.26869,2312.09,0.94687359,2312.08,1.19557,2312.05,0.125,2312.03,0.245,2311.5,0.25,2311.11,4.2718557,2310.0,0.37260144,2309.61,0.00593303,2309.12,0.00216966,2307.89,0.02,2306.02,5.2395,2306.0,3.30468035,2305.0,5.0,2300.83,6.993,2300.81,0.24
2313.99,2313.99,1.1996819,2314.0,3.76299105,2315.98,4.3215,2315.99,4.8737632,2316.0,0.4745245,2318.48,1.743,2318.5,0.9996,2318.76,3.0,2318.98,3.4965,2319.0,20.0,2320.0,26.78590835,2320.2,0.5,2321.43,0.1,2323.05,0.5,2323.93,6.26869,2312.09,1.32400787,2312.08,1.19557,2312.05,0.125,2312.03,0.245,2311.5,0.25,2311.11,4.2718557,2310.0,0.37260144,2309.61,0.00593303,2309.12,0.00216966,2307.89,0.02,2306.02,5.2395,2306.0,3.30468035,2305.0,5.0,2300.83,6.993,2300.81,0.24
2313.99,2313.99,1.1996819,2314.0,3.76299105,2315.98,4.3215,2316.0,0.4745245,2318.48,1.743,2318.5,0.9996,2318.76,3.0,2318.98,3.4965,2319.0,20.0,2320.0,26.78590835,2320.2,0.5,2321.43,0.1,2323.05,0.5,2323.93,6.26869,2324.66,0.36,2312.09,1.32400787,2312.08,1.19557,2312.05,0.125,2312.03,0.245,2311.5,0.25,2311.11,4.2718557,2310.0,0.37260144,2309.61,0.00593303,2309.12,0.00216966,2307.89,0.02,2306.02,5.2395,2306.0,3.30468035,2305.0,5.0,2300.83,6.993,2300.81,0.24
2313.99,2313.99,1.1996819,2314.0,3.76299105,2315.98,4.3215,2316.0,0.4745245,2318.48,1.743,2318.5,0.9996,2318.76,3.0,2318.98,3.4965,2319.0,20.0,2320.0,26.78590835,2320.2,0.5,2321.43,0.1,2323.05,0.5,2323.93,6.26869,2324.66,0.36,2312.09,1.32400787,2312.08,1.19557,2312.05,0.125,2312.03,0.245,2311.5,0.25,2311.11,4.2718557,2310.0,0.37260144,2309.61,0.00593303,2309.12,0.00216966,2307.89,0.02,2306.02,5.2395,2306.0,3.30468035,2305.0,5.0,2300.83,6.993,2300.81,0.24
2313.99,2313.99,1.1996819,2314.0,3.76299105,2316.0,0.4745245,2318.47,4.3139,2318.5,0.9996,2318.76,3.0,2319.0,20.0,2320.0,26.78590835,2320.2,0.5,2321.43,0.1,2323.05,0.5,2323.93,6.26869,2324.66,0.36,2324.67,0.5,2325.0,2.45004328,2312.09,1.32400787,2312.08,1.19557,2312.05,0.125,2312.03,0.125,2311.5,0.25,2311.11,4.2718557,2310.0,0.37260144,2309.61,0.00593303,2309.12,0.00216966,2307.89,0.02,2306.02,5.2395,2306.0,3.30468035,2305.0,5.0,2300.83,6.993,2300.81,0.24
2313.99,2313.99,0.59135735,2314.0,3.76299105,2316.0,0.4745245,2318.45,5.2395,2318.47,4.3139,2318.5,0.9996,2318.76,3.0,2319.0,20.0,2320.0,26.78590835,2320.2,0.5,2321.43,0.1,2323.05,0.5,2323.93,6.26869,2324.66,0.36,2324.67,0.5,2312.09,1.32400787,2312.08,1.19557,2312.05,0.125,2312.03,0.125,2311.5,0.25,2311.11,4.2718557,2310.0,0.37260144,2309.61,0.00593303,2309.12,0.00216966,2307.89,0.02,2306.02,5.2395,2306.0,3.30468035,2305.0,5.0,2300.83,6.993,2300.81,0.24
2313.99,2313.99,0.59135735,2314.0,3.76299105,2316.0,0.4745245,2318.44,4.3164,2318.45,5.2395,2318.5,0.9996,2318.76,3.0,2319.0,20.0,2320.0,26.78590835,2320.2,0.5,2321.43,0.1,2323.05,0.5,2323.93,6.26869,2324.66,0.36,2324.67,0.5,2312.09,0.98545883,2312.08,1.19557,2312.05,0.125,2312.03,1.07187359,2311.5,0.25,2311.11,4.2718557,2310.0,0.37260144,2309.61,0.00593303,2309.12,0.00216966,2307.89,0.02,2306.02,5.2395,2306.0,3.30468035,2305.0,5.0,2300.81,0.24,2300.61,0.08
2313.99,2313.99,0.59135735,2314.0,3.76299105,2316.0,0.4745245,2318.45,5.2395,2318.47,4.3139,2318.5,0.9996,2318.76,3.0,2319.0,20.0,2320.0,26.78590835,2320.2,0.5,2321.43,0.1,2323.05,0.5,2323.93,6.26869,2324.66,0.36,2324.67,0.5,2312.09,0.98545883,2312.08,1.19557,2312.05,0.125,2312.03,0.125,2311.5,0.25,2311.11,4.2718557,2310.0,0.37260144,2309.61,0.00593303,2309.12,0.00216966,2307.89,0.02,2306.02,5.2395,2306.0,3.30468035,2305.0,5.0,2300.83,6.993,2300.81,0.24
2313.99,2313.99,0.59135735,2314.0,3.76299105,2316.0,0.4745245,2318.42,5.2395,2318.44,4.3164,2318.5,0.9996,2318.76,3.0,2319.0,20.0,2320.0,26.78590835,2320.2,0.5,2321.43,0.1,2323.05,0.5,2323.93,6.26869,2324.66,0.36,2324.67,0.5,2312.09,0.98545883,2312.08,1.19557,2312.05,0.125,2312.03,1.07187359,2311.5,0.25,2311.11,4.2718557,2310.0,0.37260144,2309.61,0.00593303,2309.12,0.00216966,2307.89,0.02,2306.02,5.2395,2306.0,3.30468035,2305.0,5.0,2300.85,6.993,2300.81,0.24
2313.99,2313.99,0.59135735,2314.0,3.76299105,2316.0,0.4745245,2318.4,4.3091,2318.42,5.2395,2318.5,0.9996,2318.76,3.0,2319.0,20.0,2320.0,26.78590835,2320.2,0.5,2321.43,0.1,2323.05,0.5,2323.93,6.26869,2324.66,0.36,2324.67,0.5,2312.09,0.98545883,2312.08,1.19557,2312.03,1.07187359,2311.5,0.25,2311.11,4.2718557,2310.0,0.37260144,2309.61,0.00593303,2309.12,0.00216966,2307.89,0.02,2306.02,5.2395,2306.0,3.30468035,2305.0,5.0,2300.85,6.993,2300.81,0.24,2300.61,0.08
2313.99,2313.99,0.59135735,2314.0,3.76299105,2316.0,0.4745245,2318.4,4.3091,2318.5,0.9996,2318.76,3.0,2319.0,20.0,2320.0,26.78590835,2320.2,0.5,2321.43,0.1,2323.05,0.5,2323.92,0.36,2323.93,6.26869,2324.67,0.5,2325.0,2.45004328,2312.09,0.98545883,2312.08,1.19557,2312.03,0.125,2311.5,0.25,2311.11,4.2718557,2310.0,0.37260144,2309.61,0.00593303,2309.12,0.00216966,2307.89,0.02,2306.02,5.2395,2306.0,3.30468035,2305.0,5.0,2300.85,6.993,2300.61,0.08,2300.12,0.24
2313.99,2313.99,0.59135735,2314.0,3.76299105,2316.0,0.4745245,2318.38,5.2395,2318.4,4.3091,2318.5,0.9996,2318.76,3.0,2319.0,20.0,2320.0,26.78590835,2320.2,0.5,2321.43,0.1,2323.05,0.5,2323.92,0.36,2323.93,6.26869,2324.67,0.5,2312.09,0.98545883,2312.08,1.19557,2312.03,0.125,2311.97,0.94687359,2311.5,0.25,2311.11,4.2718557,2310.0,0.37260144,2309.61,0.00593303,2309.12,0.00216966,2307.89,0.02,2306.02,5.2395,2306.0,3.30468035,2305.0,5.0,2300.85,6.993,2300.61,0.08
2313.99,2313.99,0.59135735,2314.0,3.76299105,2316.0,0.4745245,2318.38,5.2395,2318.4,4.3091,2318.5,0.9996,2318.76,3.0,2319.0,20.0,2320.0,26.78590835,2320.2,0.5,2321.43,0.1,2323.05,0.5,2323.92,0.36,2323.93,6.26869,2324.67,0.5,2312.09,0.98545883,2312.08,1.19557,2312.03,0.125,2311.97,0.94687359,2311.5,0.25,2311.11,4.2718557,2310.0,0.37260144,2309.61,0.00593303,2309.12,0.00216966,2307.89,0.02,2306.02,5.2395,2306.0,3.30468035,2305.0,5.0,2300.85,6.993,2300.61,0.08
2313.99,2313.99,0.59135735,2314.0,3.76299105,2316.0,0.4745245,2318.36,4.3103,2318.38,5.2395,2318.5,0.9996,2318.76,3.0,2319.0,20.0,2320.0,26.78590835,2320.2,0.5,2321.43,0.1,2323.05,0.5,2323.92,0.36,2323.93,6.26869,2324.67,0.5,2312.09,0.98545883,2312.08,1.19557,2312.03,0.125,2311.5,0.25,2311.11,4.2718557,2310.0,0.37260144,2309.61,0.00593303,2309.12,0.00216966,2307.89,0.02,2306.02,5.2395,2306.0,3.30468035,2305.0,5.0,2300.85,6.993,2300.61,0.08,2300.12,0.24
2313.99,2313.99,0.59135735,2314.0,3.76299105,2316.0,0.4745245,2318.34,5.2395,2318.36,4.3103,2318.5,0.9996,2318.76,3.0,2319.0,20.0,2320.0,26.78590835,2320.2,0.5,2321.43,0.1,2323.05,0.5,2323.92,0.36,2323.93,6.26869,2324.67,0.5,2312.09,0.98545883,2312.08,1.19557,2312.03,1.07187359,2311.5,0.25,2311.11,4.2718557,2310.0,0.37260144,2309.61,0.00593303,2309.12,0.00216966,2307.89,0.02,2306.02,5.2395,2306.0,3.30468035,2305.0,5.0,2300.61,0.08,2300.12,0.24,2300.05,5.7
2313.99,2313.99,0.59135735,2314.0,3.76299105,2316.0,0.4745245,2318.33,4.313,2318.5,0.9996,2318.76,3.0,2319.0,20.0,2320.0,26.78590835,2320.2,0.5,2321.43,0.1,2323.05,0.5,2323.92,0.36,2323.93,6.26869,2324.67,0.5,2325.0,2.45004328,2312.09,0.98545883,2312.08,1.19557,2312.03,0.125,2311.5,0.25,2311.11,4.2718557,2310.0,0.37260144,2309.61,0.00593303,2309.12,0.00216966,2307.89,0.02,2306.02,5.2395,2306.0,3.30468035,2305.0,5.0,2300.61,0.08,2300.16,3.0,2300.12,0.24
2313.99,2313.99,0.59135735,2314.0,3.76299105,2316.0,0.4745245,2318.31,5.2395,2318.33,4.313,2318.5,0.9996,2318.76,3.0,2319.0,20.0,2320.0,26.78590835,2320.2,0.5,2321.43,0.1,2323.05,0.5,2323.92,0.36,2323.93,6.26869,2324.67,0.5,2312.09,0.98545883,2312.08,1.19557,2312.03,0.125,2311.5,0.25,2311.11,4.2718557,2310.0,0.37260144,2309.61,0.00593303,2309.12,0.00216966,2307.89,0.02,2306.02,5.2395,2306.0,3.30468035,2305.0,5.0,2300.61,0.08,2300.16,3.0,2300.12,0.24
2313.99,2313.99,0.12395338,2314.0,3.76299105,2316.0,0.4745245,2318.31,5.2395,2318.33,4.313,2318.5,0.9996,2318.76,3.0,2319.0,20.0,2320.0,26.78590835,2320.2,0.5,2321.43,0.1,2323.05,0.5,2323.92,0.36,2323.93,6.26869,2324.67,0.5,2312.09,1.93233242,2312.08,1.19557,2312.03,0.125,2311.5,0.25,2311.11,4.2718557,2310.0,0.37260144,2309.61,0.00593303,2309.12,0.00216966,2307.89,0.02,2306.02,5.2395,2306.0,3.30468035,2305.0,5.0,2300.61,0.08,2300.16,3.0,2300.12,0.24
2314.0,2313.99,3.0,2314.0,3.75894295,2316.0,0.4745245,2318.31,5.2395,2318.33,4.313,2318.5,0.9996,2318.76,3.0,2319.0,20.0,2320.0,26.78590835,2320.2,0.5,2321.43,0.1,2323.05,0.5,2323.92,0.36,2323.93,6.26869,2324.67,0.5,2312.09,0.94687359,2312.08,1.19557,2312.03,0.125,2311.5,0.25,2311.11,4.2718557,2310.0,0.37260144,2309.61,0.00593303,2309.12,0.00216966,2307.89,0.02,2306.02,5.2395,2306.0,3.30468035,2305.0,5.0,2300.61,0.08,2300.16,3.0,2300.12,0.24
2314.0,2313.99,3.0,2314.0,3.75894295,2316.0,0.4745245,2318.3,4.3101,2318.31,1.743,2318.5,0.9996,2318.76,3.0,2319.0,20.0,2320.0,26.78590835,2320.2,0.5,2321.43,0.1,2323.05,0.5,2323.93,6.26869,2324.67,0.5,2324.99,0.36,2312.09,1.4528628,2312.08,1.19557,2312.03,0.125,2311.5,0.25,2311.11,4.2718557,2310.0,0.37260144,2309.61,0.00593303,2309.12,0.00216966,2307.89,0.02,2306.02,5.2395,2306.0,3.30468035,2305.0,5.0,2300.61,0.08,2300.16,3.0,2300.05,5.7
2313.99,2313.99,2.979,2314.0,3.75894295,2316.0,0.4745245,2318.5,0.9996,2318.74,3.4965,2318.76,3.0,2319.0,20.0,2320.0,26.78590835,2320.2,0.5,2321.43,0.1,2323.05,0.5,2323.93,6.26869,2324.67,0.5,2324.99,0.36,2325.0,2.45004328,2312.09,1.4528628,2312.08,1.19557,2312.03,0.125,2311.83,0.94687359,2311.5,0.25,2311.11,4.2718557,2310.0,0.37260144,2309.61,0.00593303,2309.12,0.00216966,2307.89,0.02,2306.02,5.2395,2306.0,3.30468035,2305.0,5.0,2300.86,0.24,2300.61,0.08
2313.99,2313.99,7.2943,2314.0,3.75894295,2316.0,0.4745245,2318.28,1.743,2318.5,0.9996,2318.74,3.4965,2318.76,3.0,2319.0,20.0,2320.0,26.78590835,2320.2,0.5,2321.43,0.1,2323.05,0.5,2323.93,6.26869,2324.67,0.5,2324.99,0.36,2312.09,1.4528628,2312.08,1.19557,2312.03,0.125,2311.83,0.94687359,2311.5,0.25,2311.11,4.2718557,2310.0,0.37260144,2309.61,0.00593303,2309.12,0.00216966,2307.89,0.02,2306.03,4.3087,2306.0,3.30468035,2305.0,5.0,2300.86,0.24,2300.61,0.08
2313.99,2313.99,2.979,2314.0,3.75894295,2316.0,0.4745245,2318.28,1.743,2318.5,0.9996,2318.72,3.4965,2318.74,3.4965,2318.76,3.0,2319.0,20.0,2320.0,26.78590835,2320.2,0.5,2321.43,0.1,2323.93,6.26869,2324.67,0.5,2324.99,0.36,2312.08,1.19557,2312.03,0.125,2311.5,0.25,2311.11,4.2718557,2310.0,0.37260144,2309.61,0.00593303,2309.12,0.00216966,2307.89,0.02,2306.05,5.2395,2306.0,3.30468035,2305.0,5.0,2300.86,0.24,2300.16,3.0,2300.05,5.7,2300.0,1.77362173
2313.99,2313.99,2.979,2314.0,3.75894295,2316.0,0.4745245,2318.27,4.9252,2318.5,0.9996,2318.72,3.4965,2318.74,3.4965,2318.76,3.0,2319.0,20.0,2320.0,26.78590835,2320.2,0.5,2321.43,0.1,2323.93,6.26869,2324.67,0.5,2324.99,0.36,2312.09,0.94687359,2312.08,1.19557,2311.5,0.25,2311.11,4.2718557,2310.0,0.37260144,2309.61,0.00593303,2309.12,0.00216966,2307.89,0.02,2306.05,5.2395,2306.0,3.30468035,2305.0,5.0,2300.86,0.24,2300.18,6.993,2300.16,3.0,2300.05,5.7
2313.99,2313.99,7.2888,2314.0,3.75894295,2316.0,0.4745245,2318.25,1.743,2318.5,0.9996,2318.72,3.4965,2318.74,3.4965,2318.76,3.0,2319.0,20.0,2320.0,26.78590835,2320.2,0.5,2321.27,0.22,2321.43,0.1,2323.93,6.26869,2324.67,0.5,2312.09,2.42073639,2312.08,1.19557,2311.5,0.25,2311.11,4.2718557,2310.0,0.37260144,2309.61,0.00593303,2309.12,0.00216966,2307.89,0.02,2306.05,5.2395,2306.0,3.30468035,2305.0,5.0,2300.86,0.24,2300.18,6.993,2300.16,3.0,2300.05,5.7
2313.99,2313.99,7.2888,2314.0,3.75894295,2316.0,0.4745245,2318.25,1.743,2318.5,0.9996,2318.72,3.4965,2319.0,20.0,2320.0,26.78590835,2320.2,0.5,2321.27,0.22,2321.43,0.1,2323.93,6.26869,2324.67,0.5,2324.99,0.36,2325.0,2.45004328,2312.09,2.42073639,2312.08,1.19557,2311.5,0.25,2311.11,4.2718557,2310.0,0.37260144,2309.61,0.00593303,2309.12,0.00216966,2307.89,0.02,2306.08,5.2395,2306.06,4.3135,2306.0,3.30468035,2305.0,5.0,2300.86,0.24,2300.18,6.993,2300.16,3.0
2313.99,2313.99,2.979,2314.0,3.75894295,2316.0,0.4745245,2318.24,4.9246,2318.25,1.743,2318.5,0.9996,2318.72,3.4965,2319.0,20.0,2320.0,26.78590835,2320.2,0.5,2321.27,0.22,2321.43,0.1,2323.93,6.26869,2324.67,0.5,2324.99,0.36,2312.09,2.42073639,2312.08,1.19557,2311.5,0.25,2311.11,4.2718557,2310.0,0.37260144,2309.61,0.00593303,2309.12,0.00216966,2307.89,0.02,2306.08,5.2395,2306.0,3.30468035,2305.0,5.0,2300.86,0.24,2300.18,6.993,2300.16,3.0,2300.05,5.7
2313.99,2313.99,2.979,2314.0,3.75894295,2316.0,0.4745245,2318.22,1.743,2318.24,4.9246,2318.5,0.9996,2318.98,3.4965,2319.0,20.0,2320.0,26.78590835,2320.2,0.5,2321.27,0.22,2321.43,0.1,2323.93,6.26869,2324.67,0.5,2324.99,0.36,2312.09,2.42073639,2312.08,1.19557,2311.5,0.25,2311.11,4.2718557,2310.0,0.37260144,2309.61,0.00593303,2309.12,0.00216966,2307.89,0.02,2306.08,5.2395,2306.0,3.30468035,2305.0,5.0,2300.86,0.24,2300.18,6.993,2300.16,3.0,2300.05,5.7
2313.99,2313.99,2.979,2314.0,3.75894295,2316.0,0.4745245,2318.22,1.743,2318.5,0.9996,2318.98,3.4965,2319.0,20.0,2320.0,26.78590835,2320.2,0.5,2321.27,0.22,2321.43,0.1,2323.93,6.26869,2324.66,0.36,2324.67,0.5,2325.0,2.45004328,2312.09,2.42073639,2312.08,1.19557,2311.5,0.25,2311.11,4.2718557,2310.0,0.37260144,2309.61,0.00593303,2309.12,0.00216966,2307.89,0.02,2306.08,5.2395,2306.0,3.30468035,2305.0,5.0,2300.62,0.24,2300.18,6.993,2300.16,3.0,2300.05,5.7
2313.99,2313.99,2.979,2314.0,3.75894295,2316.0,0.4745245,2318.19,1.743,2318.21,4.318,2318.5,0.9996,2318.68,3.0,2318.98,3.4965,2319.0,20.0,2320.0,26.78590835,2320.2,0.5,2321.27,0.22,2321.43,0.1,2323.93,6.26869,2324.66,0.36,2312.09,2.42073639,2312.08,1.19557,2311.5,0.25,2311.11,4.2718557,2310.0,0.37260144,2309.61,0.00593303,2309.12,0.00216966,2307.89,0.02,2306.08,5.2395,2306.0,3.30468035,2305.0,5.0,2300.62,0.24,2300.18,6.993,2300.16,3.0,2300.05,5.7
2313.99,2313.99,2.979,2314.0,3.75894295,2316.0,0.4745245,2318.19,1.743,2318.21,4.318,2318.5,0.9996,2318.68,3.0,2318.98,3.4965,2319.0,20.0,2320.0,26.78590835,2320.2,0.5,2321.27,0.22,2321.43,0.1,2323.93,6.26869,2324.66,0.36,2312.09,2.42073639,2312.08,1.19557,2311.5,0.25,2311.11,4.2718557,2310.0,0.37260144,2309.61,0.00593303,2309.12,0.00216966,2307.89,0.02,2306.08,5.2395,2306.0,3.30468035,2305.0,5.0,2300.62,0.24,2300.18,6.993,2300.16,3.0,2300.05,5.7
2313.99,2313.99,2.979,2314.0,3.75894295,2316.0,0.4745245,2318.18,4.3158,2318.19,1.743,2318.5,0.9996,2318.68,3.0,2318.98,3.4965,2319.0,20.0,2320.0,26.78590835,2320.2,0.5,2321.43,0.1,2323.93,6.26869,2324.66,0.36,2324.67,0.5,2312.09,2.42073639,2312.08,1.19557,2311.5,0.25,2311.11,4.2718557,2310.0,0.37260144,2309.61,0.00593303,2309.12,0.00216966,2307.89,0.02,2306.08,5.2395,2306.0,3.30468035,2305.0,5.0,2300.62,0.24,2300.18,6.993,2300.16,3.0,2300.05,5.7
2313.99,2313.99,2.979,2314.0,3.75894295,2316.0,0.4745245,2318.16,1.743,2318.18,4.3158,2318.5,0.9996,2318.68,3.0,2318.98,3.4965,2319.0,20.0,2320.0,26.78590835,2320.2,0.5,2321.43,0.1,2323.93,6.26869,2324.66,0.36,2324.67,0.5,2312.09,1.4738628,2312.08,1.19557,2312.01,0.94687359,2311.5,0.25,2311.11,4.2718557,2310.0,0.37260144,2309.61,0.00593303,2309.12,0.00216966,2307.89,0.02,2306.08,5.2395,2306.0,3.30468035,2305.0,5.0,2300.62,0.24,2300.18,6.993,2300.05,5.7
2313.99,2313.99,2.979,2314.0,3.75894295,2316.0,0.4745245,2318.15,4.3125,2318.16,1.743,2318.5,0.9996,2318.68,3.0,2318.98,3.4965,2319.0,20.0,2319.62,0.5,2320.0,26.78590835,2320.2,0.5,2321.43,0.1,2323.93,6.26869,2324.66,0.36,2312.09,1.4738628,2312.08,1.19557,2311.5,0.25,2311.11,4.2718557,2310.0,0.37260144,2309.61,0.00593303,2309.12,0.00216966,2307.89,0.02,2306.08,5.2395,2306.0,3.30468035,2305.0,5.0,2300.62,0.24,2300.18,6.993,2300.05,5.7,2300.0,1.77362173
2313.99,2313.99,2.88877436,2314.0,3.75894295,2316.0,0.4745245,2318.13,5.2395,2318.5,0.9996,2318.68,3.0,2319.0,20.0,2319.62,0.5,2320.0,26.78590835,2320.2,0.5,2321.43,0.1,2323.93,6.26869,2324.66,0.36,2324.67,0.5,2325.0,2.45004328,2312.09,0.94687359,2312.08,1.19557,2311.5,0.25,2311.11,4.2718557,2310.0,0.37260144,2309.61,0.00593303,2307.89,0.02,2306.08,5.2395,2306.0,3.30468035,2305.0,5.0,2300.62,0.24,2300.24,6.993,2300.22,3.0,2300.05,5.7,2300.0,1.77362173
2313.99,2313.99,7.20717436,2314.0,3.75894295,2316.0,0.4745245,2318.13,1.743,2318.5,0.9996,2318.68,3.0,2319.0,20.0,2319.62,0.5,2320.0,26.78590835,2320.2,0.5,2321.43,0.1,2323.93,6.26869,2324.66,0.36,2324.67,0.5,2325.0,2.45004328,2312.09,2.51096203,2312.08,1.19557,2311.5,0.25,2311.11,4.2718557,2310.0,0.37260144,2309.61,0.00593303,2307.89,0.02,2306.11,1.743,2306.09,4.3119,2306.0,3.30468035,2305.0,5.0,2300.62,0.24,2300.22,3.0,2300.05,5.7,2300.0,1.77362173
2313.99,2313.99,2.88877436,2314.0,3.75894295,2316.0,0.4745245,2318.13,1.743,2318.5,0.9996,2318.66,3.4965,2318.68,3.0,2319.0,20.0,2319.62,0.5,2320.0,26.78590835,2320.2,0.5,2321.43,0.1,2323.93,6.26869,2324.66,0.36,2324.67,0.5,2312.09,2.51096203,2312.08,1.19557,2311.5,0.25,2311.11,4.2718557,2310.0,0.37260144,2309.61,0.00593303,2307.89,0.02,2307.36,0.00217131,2306.11,5.2395,2306.0,3.30468035,2305.0,5.0,2300.62,0.24,2300.26,6.993,2300.05,5.7,2300.0,1.77362173
2313.99,2313.99,2.88877436,2314.0,3.75894295,2316.0,0.4745245,2318.12,4.8388,2318.5,0.9996,2318.66,3.4965,2318.68,3.0,2319.0,20.0,2319.62,0.5,2320.0,26.78590835,2320.2,0.5,2321.43,0.1,2323.93,6.26869,2324.66,0.36,2324.67,0.5,2312.09,2.51096203,2312.08,1.19557,2311.5,0.25,2311.11,4.2718557,2310.0,0.37260144,2309.61,0.00593303,2307.89,0.02,2307.36,0.00217131,2306.11,5.2395,2306.0,3.30468035,2305.0,5.0,2300.62,0.24,2300.26,6.993,2300.05,5.7,2300.0,1.77362173
2313.99,2313.99,2.88877436,2314.0,3.75894295,2316.0,0.4745245,2318.1,1.743,2318.12,4.8388,2318.5,0.9996,2318.66,3.4965,2318.68,3.0,2319.0,20.0,2319.62,0.5,2320.0,26.78590835,2320.2,0.5,2321.43,0.1,2323.93,6.26869,2324.66,0.36,2312.09,2.51096203,2312.08,1.19557,2311.5,0.25,2311.11,4.2718557,2310.0,0.37260144,2309.61,0.00593303,2307.89,0.02,2307.36,0.00217131,2306.11,5.2395,2306.0,3.30468035,2305.0,5.0,2300.62,0.24,2300.26,6.993,2300.05,5.7,2300.0,1.77362173
2313.99,2313.99,2.88877436,2314.0,3.75894295,2316.0,0.4745245,2318.09,4.318,2318.1,1.743,2318.5,0.9996,2318.66,3.4965,2318.68,3.0,2319.0,20.0,2319.62,0.5,2320.0,26.78590835,2320.2,0.5,2321.43,0.1,2323.93,6.26869,2324.66,0.36,2312.09,2.51096203,2312.08,1.19557,2311.5,0.25,2311.11,4.2718557,2310.0,0.37260144,2309.61,0.00593303,2307.89,0.02,2307.36,0.00217131,2306.11,5.2395,2306.0,3.30468035,2305.0,5.0,2300.62,0.24,2300.26,6.993,2300.05,5.7,2300.0,1.77362173
2313.99,2313.99,2.88877436,2314.0,3.75894295,2316.0,0.4745245,2318.07,1.743,2318.09,4.318,2318.5,0.9996,2318.66,3.4965,2318.68,3.0,2319.0,20.0,2320.0,26.78590835,2320.2,0.5,2321.43,0.1,2323.93,6.26869,2324.66,0.36,2324.67,0.5,2312.09,2.51096203,2312.08,1.19557,2311.5,0.25,2311.11,4.2718557,2310.0,0.37260144,2309.61,0.00593303,2307.89,0.02,2307.36,0.00217131,2306.11,5.2395,2306.0,3.30468035,2305.0,5.0,2300.62,0.24,2300.26,6.993,2300.05,5.7,2300.0,1.77362173
2313.99,2313.99,2.88877436,2314.0,3.75894295,2316.0,0.4745245,2317.44,0.5,2318.06,4.3195,2318.07,1.743,2318.5,0.9996,2318.66,3.4965,2319.0,20.0,2320.0,26.78590835,2320.2,0.5,2321.43,0.1,2323.93,6.26869,2324.66,0.36,2324.67,0.5,2312.09,2.51096203,2312.08,1.19557,2311.5,0.25,2311.11,4.2718557,2310.0,0.37260144,2309.61,0.00593303,2307.89,0.02,2307.36,0.00217131,2306.11,5.2395,2306.0,3.30468035,2305.0,5.0,2300.62,0.24,2300.26,6.993,2300.05,5.7,2300.0,1.77362173
2313.99,2313.99,2.88877436,2314.0,3.75894295,2316.0,0.4745245,2317.44,0.5,2318.04,1.743,2318.06,4.3195,2318.5,0.9996,2318.62,3.0,2318.66,3.4965,2319.0,20.0,2320.0,26.78590835,2320.2,0.5,2321.43,0.1,2323.93,6.26869,2324.66,0.36,2312.09,2.51096203,2312.08,1.19557,2311.5,0.25,2311.11,4.2718557,2310.0,0.37260144,2309.61,0.00593303,2307.89,0.02,2307.36,0.00217131,2306.11,5.2395,2306.0,3.30468035,2305.0,5.0,2300.62,0.24,2300.26,6.993,2300.05,5.7,2300.0,1.77362173
2313.99,2313.99,2.87235406,2314.0,3.75894295,2316.0,0.4745245,2317.44,0.5,2318.03,4.3118,2318.04,1.743,2318.5,0.9996,2318.62,3.0,2318.98,3.4965,2319.0,20.0,2320.0,26.78590835,2320.2,0.5,2321.43,0.1,2323.93,6.26869,2324.66,0.36,2312.09,2.51096203,2312.08,1.19557,2311.5,0.25,2311.11,4.2718557,2310.0,0.37260144,2309.61,0.00593303,2307.89,0.02,2307.36,0.00217131,2306.11,5.2395,2306.0,3.30468035,2305.0,5.0,2300.62,0.24,2300.26,6.993,2300.05,5.7,2300.0,1.77362173
2313.99,2313.99,2.87235406,2314.0,3.75894295,2316.0,0.4745245,2317.44,0.5,2318.01,1.743,2318.03,4.3118,2318.5,0.9996,2318.62,3.0,2318.98,3.4965,2319.0,20.0,2320.0,26.78590835,2320.2,0.5,2321.43,0.1,2323.93,6.26869,2324.66,0.36,2312.09,2.52738233,2312.08,1.19557,2311.5,0.25,2311.11,4.2718557,2310.0,0.37260144,2309.61,0.00593303,2307.89,0.02,2307.36,0.00217131,2306.11,5.2395,2306.0,3.30468035,2305.0,5.0,2300.62,0.24,2300.26,6.993,2300.05,5.7,2300.0,1.77362173
2313.99,2313.99,2.87235406,2314.0,3.75894295,2316.0,0.4745245,2317.44,0.5,2317.97,1.743,2317.99,4.3171,2318.5,0.9996,2318.62,3.0,2318.98,3.4965,2319.0,20.0,2320.0,26.78590835,2320.2,0.5,2321.43,0.1,2323.93,6.26869,2324.66,0.36,2312.09,2.52738233,2312.08,1.19557,2311.5,0.25,2311.11,4.2718557,2310.0,0.37260144,2309.61,0.00593303,2307.89,0.02,2307.36,0.00217131,2306.11,5.2395,2306.0,3.30468035,2305.0,5.0,2300.62,0.24,2300.26,6.993,2300.05,5.7,2300.0,1.77362173
2313.99,2313.99,2.87235406,2314.0,3.75894295,2316.0,0.4745245,2317.44,0.5,2318.01,1.743,2318.5,0.9996,2318.62,3.0,2318.98,3.4965,2319.0,20.0,2320.0,26.78590835,2320.2,0.5,2321.43,0.1,2323.93,6.26869,2324.66,0.36,2324.67,0.5,2312.09,2.52738233,2312.08,1.19557,2311.5,0.25,2311.11,4.2718557,2310.0,0.37260144,2309.61,0.00593303,2307.89,0.02,2307.36,0.00217131,2306.11,5.2395,2306.0,3.30468035,2305.0,5.0,2300.62,0.24,2300.26,6.993,2300.05,5.7,2300.0,1.77362173
2313.99,2313.99,2.87235406,2314.0,3.75894295,2316.0,0.4745245,2317.44,0.5,2317.96,4.3189,2318.5,0.9996,2318.62,3.0,2318.97,0.384,2318.98,3.4965,2319.0,20.0,2320.0,26.78590835,2320.2,0.5,2321.43,0.1,2323.93,6.26869,2324.66,0.36,2312.09,2.52738233,2312.08,1.19557,2311.5,0.25,2311.11,4.2718557,2310.0,0.37260144,2309.61,0.00593303,2307.89,0.02,2307.36,0.00217131,2306.11,5.2395,2306.0,3.30468035,2305.0,5.0,2300.62,0.24,2300.26,6.993,2300.05,5.7,2300.0,1.77362173
2313.99,2313.99,2.87235406,2314.0,3.75894295,2316.0,0.4745245,2317.44,0.5,2317.94,1.743,2317.96,4.3189,2318.5,0.9996,2318.62,3.0,2318.97,0.384,2318.98,3.4965,2319.0,20.0,2320.0,26.78590835,2320.2,0.5,2321.43,0.1,2323.93,6.26869,2312.09,2.52738233,2312.08,1.19557,2311.5,0.25,2311.11,4.2718557,2310.0,0.37260144,2309.61,0.00593303,2307.89,0.02,2307.36,0.00217131,2306.11,5.2395,2306.0,3.30468035,2305.0,5.0,2300.62,0.24,2300.26,6.993,2300.05,5.7,2300.0,1.77362173
2313.99,2313.99,2.87235406,2314.0,3.75894295,2316.0,0.4745245,2317.93,4.31,2318.5,0.9996,2318.62,3.0,2318.97,0.384,2318.98,3.4965,2319.0,20.0,2320.0,26.78590835,2320.2,0.5,2321.43,0.1,2323.93,6.26869,2324.66,0.36,2324.67,0.5,2312.09,1.58050874,2312.08,1.19557,2311.5,0.25,2311.11,4.2718557,2310.0,0.37260144,2309.61,0.00593303,2307.89,0.02,2307.36,0.00217131,2306.0,3.30468035,2305.0,5.0,2300.62,0.24,2300.05,5.7,2300.0,1.77362173,2299.89,3.0,2298.7,0.2
2313.99,2313.99,2.87235406,2314.0,3.75894295,2316.0,0.4745245,2317.91,1.743,2317.92,0.5,2317.93,4.31,2318.5,0.9996,2318.62,3.0,2318.97,0.384,2318.98,3.4965,2319.0,20.0,2320.0,26.78590835,2320.2,0.5,2321.43,0.1,2323.93,6.26869,2312.09,1.58050874,2312.08,1.19557,2311.5,0.25,2311.11,4.2718557,2310.0,0.37260144,2309.61,0.00593303,2307.89,0.02,2307.36,0.00217131,2306.02,5.2395,2306.0,3.30468035,2305.0,5.0,2300.62,0.24,2300.07,6.993,2300.05,5.7,2300.0,1.77362173
2313.99,2313.99,7.19115406,2314.0,3.75894295,2316.0,0.4745245,2317.91,1.743,2317.92,0.5,2318.5,0.9996,2318.62,3.0,2318.97,0.384,2318.98,3.4965,2319.0,20.0,2320.0,26.78590835,2320.2,0.5,2321.43,0.1,2323.93,6.26869,2324.66,0.36,2312.09,1.58050874,2312.08,1.19557,2311.69,0.94687359,2311.5,0.25,2311.11,4.2718557,2310.0,0.37260144,2309.61,0.00593303,2307.89,0.02,2307.36,0.00217131,2306.02,5.2395,2306.01,4.317,2306.0,3.30468035,2305.0,5.0,2300.62,0.24,2300.08,1.577
2313.99,2313.99,6.95448543,2314.0,3.75894295,2316.0,0.4745245,2317.92,0.5,2318.5,0.9996,2318.62,3.0,2318.97,0.384,2318.98,3.4965,2319.0,20.0,2320.0,26.78590835,2320.2,0.5,2321.43,0.1,2323.93,6.26869,2324.66,0.36,2324.67,0.5,2312.09,1.58050874,2312.08,1.19557,2311.5,0.25,2311.11,4.2718557,2310.0,0.37260144,2309.61,0.00593303,2307.89,0.02,2307.36,0.00217131,2306.01,4.317,2306.0,3.30468035,2305.0,5.0,2300.62,0.24,2300.07,6.993,2300.05,5.7,2300.0,1.77362173
2312.08,2313.99,2.63568543,2314.0,3.75894295,2316.0,0.4745245,2317.9,4.7564,2317.92,0.5,2318.48,1.743,2318.5,0.9996,2318.62,3.0,2318.97,0.384,2318.98,3.4965,2319.0,20.0,2320.0,26.78590835,2320.2,0.5,2321.43,0.1,2323.93,6.26869,2311.83,0.94687359,2311.5,0.25,2311.11,4.2718557,2310.0,0.37260144,2309.61,0.00593303,2307.89,0.02,2307.36,0.00217131,2306.03,5.2395,2306.0,3.30468035,2305.0,5.0,2300.62,0.24,2300.07,6.993,2300.05,5.7,2300.0,1.77362173,2299.89,3.0
2312.08,2313.99,2.63568543,2314.0,3.75894295,2316.0,0.4745245,2317.9,4.7564,2317.92,0.5,2318.5,0.9996,2318.62,3.0,2318.98,3.4965,2319.0,20.0,2320.0,26.78590835,2320.2,0.5,2321.43,0.1,2323.93,6.26869,2324.66,0.36,2324.67,0.5,2312.09,1.81717737,2311.5,0.25,2311.11,4.2718557,2310.0,0.37260144,2309.61,0.00593303,2307.89,0.02,2307.36,0.00217131,2306.03,5.2395,2306.0,3.30468035,2305.0,5.0,2300.62,0.24,2300.08,1.657,2300.07,6.993,2300.05,5.7,2300.0,1.77362173
2312.08,2313.99,6.95618543,2314.0,3.75894295,2316.0,0.4745245,2317.88,1.743,2317.92,0.5,2318.5,0.9996,2318.62,3.0,2318.98,3.4965,2319.0,20.0,2320.0,26.78590835,2320.2,0.5,2321.43,0.1,2323.93,6.26869,2324.66,0.36,2324.67,0.5,2311.5,0.25,2311.11,4.2718557,2310.0,0.37260144,2309.61,0.00593303,2307.89,0.02,2307.36,0.00217131,2306.03,5.2395,2306.0,3.30468035,2305.0,5.0,2300.62,0.24,2300.08,1.657,2300.07,6.993,2300.05,5.7,2300.0,1.77362173,2298.7,0.2
2312.08,2313.99,6.95618543,2314.0,3.75894295,2316.0,0.4745245,2317.88,1.743,2317.92,0.5,2318.48,3.4965,2318.5,0.9996,2318.97,0.342,2319.0,20.0,2320.0,26.78590835,2320.2,0.5,2321.43,0.1,2323.93,6.26869,2324.66,0.36,2324.67,0.5,2311.84,1.81717737,2311.5,0.25,2311.11,4.2718557,2310.0,0.37260144,2309.61,0.00593303,2307.89,0.02,2307.36,0.00217131,2306.03,5.2395,2306.0,3.30468035,2305.0,5.0,2300.62,0.24,2300.11,3.0,2300.08,1.657,2300.05,5.7,2300.0,1.77362173
2313.99,2313.99,6.46922719,2314.0,3.75894295,2316.0,0.4745245,2317.88,1.743,2317.92,0.5,2318.48,3.4965,2318.5,0.9996,2318.97,0.857,2319.0,20.0,2320.0,26.78590835,2320.2,0.5,2321.43,0.1,2323.93,6.26869,2324.66,0.36,2324.67,0.5,2311.84,1.81717737,2311.5,0.25,2311.31,0.94687359,2311.11,4.2718557,2310.0,0.37260144,2309.61,0.00593303,2307.89,0.02,2307.36,0.00217131,2306.03,5.2395,2306.0,3.30468035,2305.0,5.0,2300.62,0.24,2300.13,6.993,2300.11,3.0,2300.08,1.657
2313.99,2313.99,2.14872719,2314.0,3.75894295,2316.0,0.4745245,2317.87,4.7549,2317.88,1.743,2317.92,0.5,2318.26,3.0,2318.48,3.4965,2318.5,0.9996,2318.97,0.857,2319.0,20.0,2320.0,26.78590835,2320.2,0.5,2321.43,0.1,2323.93,6.26869,2311.84,1.81717737,2311.5,0.25,2311.31,0.94687359,2311.11,4.2718557,2310.0,0.37260144,2309.61,0.00593303,2307.89,0.02,2307.36,0.00217131,2306.03,5.2395,2306.0,3.30468035,2305.0,5.0,2300.62,0.24,2300.13,6.993,2300.11,3.0,2300.08,1.657
2313.99,2313.99,2.14872719,2314.0,3.75894295,2316.0,0.4745245,2317.85,1.743,2317.87,4.7549,2318.26,3.0,2318.5,0.9996,2318.95,3.4965,2318.97,0.857,2319.0,20.0,2320.0,26.78590835,2320.2,0.5,2321.43,0.1,2323.93,6.26869,2324.66,0.36,2311.51,2.30413561,2311.5,0.25,2311.11,4.2718557,2310.0,0.37260144,2309.61,0.00593303,2307.89,0.02,2307.36,0.00217131,2306.03,5.2395,2306.0,3.30468035,2305.0,5.0,2300.62,0.24,2300.13,6.993,2300.11,3.0,2300.05,5.7,2300.0,1.77362173
2313.99,2313.99,2.14872719,2314.0,3.75894295,2316.0,0.4745245,2317.84,4.3131,2318.26,3.0,2318.5,0.9996,2318.95,3.4965,2318.97,0.857,2319.0,20.0,2319.66,0.04,2320.0,26.78590835,2320.2,0.5,2321.43,0.1,2323.93,6.26869,2324.66,0.36,2311.5,0.25,2311.11,4.2718557,2310.0,0.37260144,2309.61,0.00593303,2307.89,0.02,2307.36,0.00217131,2306.03,5.2395,2306.0,3.30468035,2305.0,5.0,2300.62,0.24,2300.13,6.993,2300.05,5.7,2300.0,1.77362173,2298.7,0.2,2296.26,0.5
2313.99,2313.99,2.14872719,2314.0,3.75894295,2316.0,0.4745245,2317.82,1.743,2317.84,4.3131,2318.5,0.9996,2318.94,0.871,2318.95,3.4965,2319.0,20.0,2319.66,0.04,2320.0,26.78590835,2320.2,0.5,2321.43,0.1,2323.93,6.26869,2324.67,0.5,2311.51,3.2510092,2311.5,0.25,2311.11,4.2718557,2310.0,0.37260144,2309.61,0.00593303,2307.89,0.02,2307.36,0.00217131,2306.03,5.2395,2306.0,3.30468035,2305.0,5.0,2300.17,3.0,2300.13,6.993,2300.05,5.7,2300.0,1.77362173,2298.7,0.2
2311.51,2313.99,2.14872719,2314.0,3.75894295,2316.0,0.4745245,2317.82,1.743,2318.5,0.9996,2318.94,0.871,2318.95,3.4965,2319.0,20.0,2319.66,0.04,2320.0,26.78590835,2320.2,0.5,2321.43,0.1,2323.93,6.26869,2324.67,0.5,2325.0,2.45004328,2311.51,1.7145792,2311.5,0.25,2311.11,4.2718557,2310.0,0.37260144,2309.61,0.00593303,2307.89,0.02,2307.36,0.00217131,2306.03,5.2395,2306.0,3.30468035,2305.0,5.0,2300.17,3.0,2300.14,1.662,2300.05,5.7,2300.0,1.77362173,2298.7,0.2
2311.51,2313.99,2.14872719,2314.0,3.75894295,2316.0,0.4745245,2317.81,4.3114,2318.5,0.9996,2318.94,0.871,2318.95,3.4965,2319.0,20.0,2319.66,0.04,2320.0,26.78590835,2320.2,0.5,2321.43,0.1,2323.93,6.26869,2324.67,0.5,2325.0,2.45004328,2311.51,0.76770561,2311.5,0.25,2311.11,4.2718557,2310.0,0.37260144,2309.61,0.00593303,2307.89,0.02,2307.36,0.00217131,2306.03,5.2395,2306.0,3.30468035,2305.0,5.0,2300.19,6.993,2300.17,3.0,2300.14,1.662,2300.05,5.7,2300.0,1.77362173
2311.51,2313.99,2.14872719,2314.0,3.75894295,2316.0,0.4745245,2317.79,1.743,2318.5,0.9996,2318.76,3.0,2318.94,0.871,2319.0,20.0,2319.66,0.04,2320.0,26.78590835,2320.2,0.5,2321.43,0.1,2323.92,0.36,2323.93,6.26869,2324.67,0.5,2311.51,0.76770561,2311.5,0.25,2311.11,4.2718557,2310.0,0.37260144,2309.61,0.00593303,2307.89,0.02,2307.36,0.00217131,2306.03,5.2395,2306.0,3.30468035,2305.0,5.0,2300.19,6.993,2300.17,3.0,2300.14,1.662,2300.08,0.24,2300.05,5.7
2311.51,2313.99,6.46042719,2314.0,3.75894295,2316.0,0.4745245,2317.79,1.743,2318.5,0.9996,2318.74,3.4965,2318.94,0.871,2319.0,20.0,2319.66,0.04,2320.0,26.78590835,2320.2,0.5,2321.43,0.1,2323.92,0.36,2323.93,6.26869,2324.67,0.5,2311.5,0.25,2311.11,5.21872929,2310.0,0.37260144,2309.61,0.00593303,2307.89,0.02,2307.36,0.00217131,2306.03,5.2395,2306.0,3.30468035,2305.0,5.0,2300.19,6.993,2300.17,3.0,2300.08,0.24,2300.05,5.7,2300.0,1.77362173,2298.7,0.2
2311.51,2313.99,6.46042719,2314.0,3.75894295,2316.0,0.4745245,2318.5,0.9996,2318.74,3.4965,2318.92,1.743,2318.94,0.871,2319.0,20.0,2319.66,0.04,2319.99,0.867,2320.0,26.78590835,2320.2,0.5,2321.43,0.1,2323.92,0.36,2323.93,6.26869,2311.5,0.25,2311.13,1.743,2311.11,5.21872929,2310.0,0.37260144,2309.61,0.00593303,2307.89,0.02,2307.36,0.00217131,2306.0,3.30468035,2305.0,5.0,2300.19,6.993,2300.17,3.0,2300.08,0.24,2300.05,5.7,2300.0,1.77362173,2298.7,0.2
2311.51,2313.99,6.46042719,2314.0,3.75894295,2316.0,0.4745245,2318.5,0.9996,2318.7,3.0,2318.74,3.4965,2318.91,1.335,2318.92,1.743,2318.94,0.871,2319.0,20.0,2319.66,0.04,2319.99,0.867,2320.0,26.78590835,2320.2,0.5,2321.43,0.1,2311.5,0.25,2311.13,1.743,2311.11,5.21872929,2310.0,0.37260144,2309.61,0.00593303,2307.89,0.02,2307.36,0.00217131,2306.05,3.4965,2306.0,3.30468035,2305.0,5.0,2303.1,5.67280988,2300.19,6.993,2300.17,3.0,2300.08,0.24,2300.05,5.7
2311.51,2313.99,6.46042719,2314.0,3.75894295,2316.0,0.4745245,2318.48,1.743,2318.5,0.9996,2318.7,3.0,2318.74,3.4965,2318.91,1.335,2318.99,0.432,2319.0,20.0,2319.66,0.04,2320.0,26.78590835,2320.2,0.5,2321.43,0.1,2323.92,0.36,2311.5,0.25,2311.38,0.76770561,2311.13,1.743,2311.11,4.2718557,2310.0,0.87260144,2309.61,0.00593303,2307.89,0.02,2307.36,0.00217131,2306.05,3.4965,2306.0,3.30468035,2305.0,5.0,2303.1,5.67280988,2300.19,6.993,2300.17,3.0,2300.08,0.24
2311.51,2313.99,6.46042719,2314.0,3.75894295,2316.0,0.4745245,2318.48,1.743,2318.5,0.9996,2318.7,3.0,2318.74,3.4965,2318.91,1.335,2318.93,0.428,2318.98,0.499,2319.0,20.0,2319.66,0.04,2320.0,26.78590835,2320.2,0.5,2321.43,0.1,2311.5,0.25,2311.47,0.76770561,2311.13,1.743,2311.11,4.2718557,2310.87,0.94687359,2310.0,0.87260144,2309.61,0.00593303,2307.89,0.02,2307.36,0.00217131,2306.05,3.4965,2306.0,3.30468035,2305.0,5.0,2303.1,5.67280988,2300.19,6.993,2300.17,3.0
2311.51,2313.99,2.14872719,2314.0,3.75894295,2316.0,0.4745245,2318.47,5.0603,2318.48,1.743,2318.5,0.9996,2318.7,3.0,2318.89,0.499,2318.93,0.428,2319.0,20.0,2319.66,0.04,2320.0,26.78590835,2320.2,0.5,2321.43,0.1,2323.92,0.36,2311.5,0.25,2311.47,0.76770561,2311.13,1.743,2311.11,4.2718557,2310.87,0.94687359,2310.0,0.87260144,2309.61,0.00593303,2307.89,0.02,2307.36,0.00217131,2306.05,3.4965,2306.0,3.30468035,2305.0,5.0,2303.1,5.67280988,2300.19,6.993,2300.17,3.0
2311.51,2313.99,2.14872719,2314.0,3.75894295,2316.0,0.4745245,2318.45,5.2395,2318.47,5.0603,2318.5,0.9996,2318.7,3.0,2318.84,0.499,2318.9,0.202,2318.93,0.428,2319.0,20.0,2319.66,0.04,2320.0,26.78590835,2320.2,0.5,2321.43,0.1,2311.5,0.25,2311.13,1.743,2311.11,4.2718557,2310.0,0.87260144,2309.61,0.00593303,2307.89,0.02,2307.36,0.00217131,2306.05,3.4965,2306.0,3.30468035,2305.0,5.0,2303.1,5.67280988,2300.2,0.24,2300.19,6.993,2300.17,3.0,2300.05,5.7
2311.51,2313.99,2.14872719,2314.0,3.75894295,2316.0,0.4745245,2318.45,5.2395,2318.47,5.0603,2318.5,0.9996,2318.7,3.0,2318.84,0.499,2318.9,0.202,2318.93,0.428,2319.0,20.0,2319.66,0.04,2320.0,26.78590835,2320.2,0.5,2321.43,0.1,2311.5,0.25,2311.13,1.743,2311.11,4.2718557,2310.0,0.87260144,2309.61,0.00593303,2307.89,0.02,2307.36,0.00217131,2306.05,3.4965,2306.0,3.30468035,2305.0,5.0,2303.1,5.67280988,2300.2,0.24,2300.19,6.993,2300.17,3.0,2300.05,5.7
2313.99,2313.99,1.4798679,2314.0,3.75894295,2316.0,0.4745245,2318.45,5.2395,2318.5,0.9996,2318.7,3.0,2318.82,0.499,2318.9,0.202,2318.93,0.428,2319.0,20.0,2319.66,0.04,2320.0,26.78590835,2320.2,0.5,2321.43,0.1,2323.93,6.26869,2311.5,0.25,2311.14,0.76770561,2311.13,1.743,2311.11,4.2718557,2310.0,0.87260144,2309.61,0.00593303,2307.89,0.02,2307.36,0.00217131,2306.05,3.4965,2306.0,3.30468035,2305.0,5.0,2303.1,5.67280988,2300.2,0.24,2300.17,3.0,2300.05,5.7
2313.99,2313.99,5.7894679,2314.0,3.75894295,2316.0,0.4745245,2318.45,5.2395,2318.5,0.9996,2318.7,3.0,2318.9,0.202,2318.93,0.428,2319.0,20.0,2319.66,0.04,2320.0,26.78590835,2320.2,0.5,2321.43,0.1,2323.93,6.26869,2324.66,0.37,2311.51,1.4365649,2311.5,1.19687359,2311.16,1.743,2311.11,4.2718557,2310.0,0.87260144,2309.61,0.00593303,2307.89,0.02,2307.36,0.00217131,2306.05,3.4965,2306.02,6.993,2306.0,3.30468035,2305.0,5.0,2303.1,5.67280988,2300.2,0.24,2300.17,3.0
2313.99,2313.99,1.4798679,2314.0,3.75894295,2316.0,0.4745245,2318.44,4.3195,2318.45,5.2395,2318.5,0.9996,2318.7,3.0,2318.9,0.202,2318.93,0.428,2318.99,0.297,2319.0,20.0,2319.66,0.04,2320.0,26.78590835,2320.2,0.5,2321.43,0.1,2311.5,0.25,2311.11,4.2718557,2310.0,0.87260144,2309.61,0.00593303,2307.89,0.02,2307.36,0.00217131,2306.05,3.4965,2306.02,8.736,2306.0,3.30468035,2305.0,5.0,2303.1,5.67280988,2300.2,0.24,2300.17,3.0,2300.05,5.7,2300.0,1.77362173
2313.99,2313.99,1.4798679,2314.0,3.75894295,2316.0,0.4745245,2318.42,5.2395,2318.44,4.3195,2318.5,0.9996,2318.7,3.0,2318.9,0.202,2318.93,0.428,2318.99,0.297,2319.0,20.0,2319.66,0.04,2320.0,26.78590835,2320.2,0.5,2321.43,0.1,2311.5,0.25,2311.18,1.743,2311.11,4.2718557,2310.0,0.87260144,2309.61,0.00593303,2307.89,0.02,2307.36,0.00217131,2306.05,3.4965,2306.02,6.993,2306.0,3.30468035,2305.0,5.0,2303.1,5.67280988,2300.2,0.24,2300.05,5.7,2300.0,1.77362173
2313.99,2313.99,1.4798679,2314.0,3.75894295,2316.0,0.4745245,2318.41,4.3129,2318.42,5.2395,2318.5,0.9996,2318.7,3.0,2318.9,0.202,2318.93,0.428,2318.99,0.297,2319.0,20.0,2319.66,0.04,2320.0,26.78590835,2320.2,0.5,2321.43,0.1,2311.5,0.25,2311.18,1.743,2311.15,0.94687359,2311.11,4.2718557,2310.0,0.87260144,2309.61,0.00593303,2307.89,0.02,2307.36,0.00217131,2306.05,3.4965,2306.02,6.993,2306.0,3.30468035,2305.0,5.0,2303.1,5.67280988,2300.24,3.0,2300.2,0.24
2313.99,2313.99,1.4798679,2314.0,3.75894295,2316.0,0.4745245,2318.39,5.2395,2318.41,4.3129,2318.5,0.9996,2318.7,3.0,2318.9,0.202,2318.93,0.428,2318.97,0.499,2318.99,0.297,2319.0,20.0,2320.0,26.78590835,2320.2,0.5,2321.43,0.1,2311.51,1.4365649,2311.5,0.25,2311.33,0.94687359,2311.18,1.743,2311.11,4.2718557,2310.0,0.87260144,2309.61,0.00593303,2307.89,0.02,2307.36,0.00217131,2306.05,3.4965,2306.02,6.993,2306.0,3.30468035,2305.0,5.0,2303.1,5.67280988,2300.24,3.0
2313.99,2313.99,1.4798679,2314.0,3.75894295,2316.0,0.4745245,2317.92,0.5,2318.39,5.2395,2318.5,0.9996,2318.7,3.0,2318.9,0.202,2318.93,0.428,2318.99,0.297,2319.0,20.0,2320.0,26.78590835,2320.2,0.5,2321.43,0.1,2323.93,6.26869,2311.51,1.4365649,2311.5,0.25,2311.11,4.2718557,2310.0,0.87260144,2309.61,0.00593303,2307.89,0.02,2307.36,0.00217131,2306.05,3.4965,2306.02,6.993,2306.0,3.30468035,2305.0,5.0,2303.1,5.67280988,2300.24,3.0,2300.2,0.24,2300.05,5.7
2313.99,2313.99,1.4798679,2314.0,3.75894295,2316.0,0.4745245,2317.92,0.5,2318.38,4.3115,2318.5,0.9996,2318.7,3.0,2318.9,0.202,2318.93,0.428,2318.96,0.299,2318.99,0.297,2319.0,20.0,2320.0,26.78590835,2320.2,0.5,2321.43,0.1,2311.51,2.38343849,2311.5,0.25,2311.11,4.2718557,2310.0,0.87260144,2309.61,0.00593303,2307.89,0.02,2307.36,0.00217131,2306.02,12.2325,2306.0,3.30468035,2305.0,5.0,2303.1,5.67280988,2300.24,3.0,2300.2,0.24,2300.05,5.7,2300.0,1.77362173
2313.99,2313.99,1.4798679,2314.0,3.75894295,2316.0,0.4745245,2317.92,0.5,2318.36,5.2395,2318.38,4.3115,2318.5,0.9996,2318.7,3.0,2318.9,0.202,2318.93,0.428,2318.96,0.299,2319.0,20.0,2320.0,26.78590835,2320.2,0.5,2321.43,0.1,2311.51,2.38343849,2311.5,0.25,2311.11,4.2718557,2310.0,0.87260144,2309.61,0.00593303,2307.89,0.02,2307.36,0.00217131,2306.02,12.2325,2306.0,3.30468035,2305.0,5.0,2303.1,5.67280988,2300.24,3.0,2300.2,0.24,2300.05,5.7,2300.0,1.77362173
2313.99,2313.99,1.4798679,2314.0,3.75894295,2316.0,0.4745245,2317.92,0.5,2318.36,5.2395,2318.38,4.3115,2318.5,0.9996,2318.7,3.0,2318.9,0.202,2318.93,0.428,2318.96,0.299,2319.0,20.0,2320.0,26.78590835,2320.2,0.5,2321.43,0.1,2311.51,1.4365649,2311.5,0.25,2311.12,0.94687359,2311.11,4.2718557,2310.0,0.87260144,2309.61,0.00593303,2307.89,0.02,2307.36,0.00217131,2306.02,12.2325,2306.0,3.30468035,2305.0,5.0,2303.1,5.67280988,2300.24,3.0,2300.2,0.24,2300.05,5.7
2313.99,2313.99,1.4798679,2314.0,3.75894295,2316.0,0.4745245,2317.92,0.5,2318.34,4.3113,2318.36,5.2395,2318.5,0.9996,2318.7,3.0,2318.9,0.202,2318.93,0.428,2318.96,0.299,2319.0,20.0,2320.0,26.78590835,2320.2,0.5,2321.43,0.1,2311.51,1.4365649,2311.5,0.25,2311.11,4.2718557,2310.0,0.87260144,2309.61,0.00593303,2307.89,0.02,2307.36,0.00217131,2306.02,12.2325,2306.0,3.30468035,2305.0,5.0,2303.1,5.67280988,2300.24,3.0,2300.2,0.24,2300.05,5.7,2300.0,1.77362173
2313.99,2313.99,1.4798679,2314.0,3.75894295,2316.0,0.4745245,2317.92,0.5,2318.32,5.2395,2318.34,4.3113,2318.5,0.9996,2318.7,3.0,2318.9,0.202,2318.93,0.428,2318.96,0.299,2319.0,20.0,2320.0,26.78590835,2320.2,0.5,2321.43,0.1,2311.51,1.4365649,2311.5,0.25,2311.33,0.94687359,2311.11,4.2718557,2310.0,0.87260144,2309.61,0.00593303,2307.89,0.02,2306.02,12.2325,2306.0,3.30468035,2305.0,5.0,2303.1,5.67280988,2300.24,3.0,2300.2,0.24,2300.05,5.7,2300.0,1.77362173
2313.99,2313.99,1.35763258,2314.0,3.75894295,2316.0,0.4745245,2317.92,0.5,2318.31,4.3155,2318.5,0.9996,2318.7,3.0,2318.9,0.202,2318.93,0.428,2318.96,0.299,2319.0,20.0,2320.0,26.78590835,2320.2,0.5,2321.43,0.1,2323.93,6.26869,2311.51,1.4365649,2311.5,0.25,2311.33,0.94687359,2311.11,4.2718557,2310.0,0.87260144,2309.61,0.00593303,2309.39,0.0021694,2307.89,0.02,2306.02,12.2325,2306.0,3.30468035,2305.0,5.0,2303.1,5.67280988,2300.24,3.0,2300.2,0.24,2300.05,5.7
2313.99,2313.99,1.35763258,2314.0,3.75894295,2316.0,0.4745245,2317.92,0.5,2318.29,5.2395,2318.31,4.3155,2318.5,0.9996,2318.7,3.0,2318.9,0.202,2318.93,0.428,2318.96,0.299,2319.0,20.0,2320.0,26.78590835,2320.2,0.5,2321.43,0.1,2311.5,0.25,2311.28,0.94687359,2311.11,4.2718557,2310.0,0.87260144,2309.61,0.00593303,2309.39,0.0021694,2307.89,0.02,2306.02,12.2325,2306.0,3.30468035,2305.0,5.0,2303.1,5.67280988,2300.24,3.0,2300.2,0.24,2300.05,5.7,2300.0,1.77362173
2313.99,2313.99,1.35763258,2314.0,3.75894295,2316.0,0.4745245,2317.92,0.5,2318.29,5.2395,2318.31,4.3155,2318.5,0.9996,2318.7,3.0,2318.9,0.202,2318.93,0.428,2318.96,0.299,2319.0,20.0,2320.0,26.78590835,2320.2,0.5,2321.43,0.1,2311.51,1.46357,2311.5,0.25,2311.28,0.94687359,2311.13,1.743,2311.11,4.2718557,2310.0,0.87260144,2309.61,0.00593303,2309.39,0.0021694,2307.89,0.02,2306.02,10.4895,2306.0,3.30468035,2305.0,5.0,2303.1,5.67280988,2300.2,0.24,2300.05,5.7
2313.99,2313.99,1.1418797,2314.0,3.75894295,2316.0,0.4745245,2318.28,4.3155,2318.45,0.04,2318.5,0.9996,2318.9,0.202,2318.93,0.428,2318.96,0.299,2319.0,20.0,2320.0,26.78590835,2320.2,0.5,2321.43,0.1,2323.93,6.26869,2324.66,0.37,2311.51,2.41044359,2311.5,0.25,2311.11,4.2718557,2310.0,0.87260144,2309.61,0.00593303,2309.39,0.0021694,2307.89,0.02,2306.02,3.4965,2306.0,3.30468035,2305.0,5.0,2303.1,5.67280988,2300.24,3.0,2300.2,0.24,2300.05,5.7,2300.0,1.77362173
2313.99,2313.99,1.1418797,2314.0,3.75894295,2316.0,0.4745245,2318.26,1.743,2318.28,4.3155,2318.45,0.04,2318.5,0.9996,2318.9,0.202,2318.91,3.4965,2318.93,0.428,2318.96,0.299,2319.0,20.0,2320.0,26.78590835,2320.19,0.23,2320.2,0.5,2311.53,1.743,2311.51,2.41044359,2311.5,0.25,2311.11,4.2718557,2310.0,0.87260144,2309.61,0.00593303,2309.39,0.0021694,2307.89,0.02,2306.02,3.4965,2306.0,3.30468035,2305.0,5.0,2303.1,5.67280988,2300.24,3.0,2300.2,0.24,2300.05,5.7
2313.99,2313.99,0.6251577,2314.0,3.75894295,2316.0,0.4745245,2318.26,1.743,2318.45,0.04,2318.49,4.311,2318.5,0.9996,2318.9,0.202,2318.91,3.4965,2318.93,0.428,2318.96,0.299,2318.99,0.225,2319.0,20.0,2320.0,26.78590835,2320.19,0.23,2311.53,1.743,2311.51,2.41044359,2311.5,0.25,2311.11,4.2718557,2310.0,0.87260144,2309.61,0.00593303,2309.39,0.0021694,2307.89,0.02,2306.02,3.4965,2306.0,3.30468035,2305.0,5.0,2303.1,5.67280988,2300.24,3.0,2300.2,0.24,2300.05,5.7
2313.99,2313.99,0.6251577,2314.0,3.75894295,2316.0,0.4745245,2318.24,4.3183,2318.26,1.743,2318.45,0.04,2318.5,0.9996,2318.93,0.428,2319.0,20.0,2319.76,3.0,2320.0,26.78590835,2320.2,0.5,2321.43,0.1,2322.98,6.993,2323.0,23.0,2311.53,1.743,2311.51,2.41044359,2311.5,0.25,2311.11,4.2718557,2310.0,0.87260144,2309.61,0.00593303,2309.39,0.0021694,2307.89,0.02,2306.02,3.4965,2306.0,3.30468035,2305.0,5.0,2303.1,5.67280988,2300.24,3.0,2300.2,0.24,2300.05,5.7
2313.99,2313.99,0.6251577,2314.0,3.75894295,2316.0,0.4745245,2318.22,1.743,2318.24,4.3183,2318.45,0.04,2318.5,0.9996,2318.89,3.4965,2318.93,0.428,2319.0,20.0,2320.0,26.78590835,2320.2,0.5,2321.43,0.1,2322.98,6.993,2323.0,23.0,2311.51,2.41044359,2311.5,0.25,2311.11,4.2718557,2310.0,0.87260144,2309.61,0.00593303,2309.39,0.0021694,2307.89,0.02,2306.02,5.2395,2306.0,3.30468035,2305.0,5.0,2303.1,5.67280988,2300.24,3.0,2300.2,0.24,2300.05,5.7,2300.0,1.77362173
2313.99,2313.99,0.6251577,2314.0,3.75894295,2316.0,0.4745245,2318.19,1.743,2318.21,4.316,2318.45,0.04,2318.5,0.9996,2318.89,3.4965,2318.93,0.428,2319.0,20.0,2319.75,0.192,2320.0,26.78590835,2320.2,0.5,2321.43,0.1,2322.98,6.993,2311.51,2.41044359,2311.5,0.25,2311.11,4.2718557,2310.0,0.87260144,2309.61,0.00593303,2309.39,0.0021694,2307.89,0.02,2306.02,5.2395,2306.0,3.30468035,2305.0,5.0,2303.1,5.67280988,2300.24,3.0,2300.2,0.24,2300.05,5.7,2300.0,1.77362173
2313.99,2313.99,0.6251577,2314.0,3.75894295,2316.0,0.4745245,2318.19,1.743,2318.21,4.316,2318.45,0.04,2318.5,0.9996,2318.89,3.4965,2318.93,0.428,2318.99,0.204,2319.0,20.0,2320.0,26.78590835,2320.2,0.5,2321.43,0.1,2322.98,6.993,2311.51,1.46357,2311.5,0.25,2311.11,4.2718557,2310.0,0.87260144,2309.61,0.00593303,2309.39,0.0021694,2307.89,0.02,2306.02,5.2395,2306.0,3.30468035,2305.0,5.0,2303.1,5.67280988,2300.24,3.0,2300.2,0.24,2300.05,5.7,2300.0,1.77362173
2313.99,2313.99,0.6251577,2314.0,3.75894295,2316.0,0.4745245,2318.18,4.3129,2318.19,1.743,2318.45,0.04,2318.5,0.9996,2318.89,3.4965,2318.93,0.428,2318.99,0.204,2319.0,20.0,2319.76,3.0,2320.0,26.78590835,2320.2,0.5,2321.43,0.1,2311.51,1.46357,2311.5,0.25,2311.42,0.94687359,2311.11,4.2718557,2310.0,0.87260144,2309.61,0.00593303,2309.39,0.0021694,2307.89,0.02,2306.02,5.2395,2306.0,3.30468035,2305.0,5.0,2303.1,5.67280988,2300.24,3.0,2300.2,0.24,2300.05,5.7
2313.99,2313.99,0.6251577,2314.0,3.75894295,2316.0,0.4745245,2318.16,1.743,2318.18,4.3129,2318.45,0.04,2318.5,0.9996,2318.89,3.4965,2318.93,0.428,2318.99,0.204,2319.0,20.0,2319.76,3.0,2320.0,26.78590835,2320.2,0.5,2321.43,0.1,2311.51,1.46357,2311.5,0.25,2311.42,0.94687359,2311.11,4.2718557,2310.0,0.87260144,2309.61,0.00593303,2309.39,0.0021694,2307.89,0.02,2306.02,5.2395,2306.0,3.30468035,2305.0,5.0,2303.1,5.67280988,2300.24,3.0,2300.2,0.24,2300.05,5.7
2313.99,2313.99,0.6251577,2314.0,3.75894295,2316.0,0.4745245,2318.15,4.3105,2318.16,1.743,2318.45,0.04,2318.5,0.9996,2318.89,3.4965,2318.93,0.428,2318.99,0.204,2319.0,20.0,2319.76,3.0,2320.0,26.78590835,2320.2,0.5,2321.43,0.1,2311.51,1.46357,2311.5,0.25,2311.11,4.2718557,2310.0,0.87260144,2309.61,0.00593303,2309.39,0.0021694,2307.89,0.02,2306.02,5.2395,2306.0,3.30468035,2305.0,5.0,2303.1,5.67280988,2300.24,3.0,2300.2,0.24,2300.05,5.7,2300.0,1.77362173
2313.99,2313.99,0.6251577,2314.0,3.75894295,2316.0,0.4745245,2318.13,1.743,2318.15,4.3105,2318.45,0.04,2318.5,0.9996,2318.89,3.4965,2319.0,20.0,2319.76,3.0,2320.0,26.78590835,2320.2,0.5,2321.43,0.1,2322.98,6.993,2323.0,23.0,2311.51,1.46357,2311.5,0.25,2311.49,0.94687359,2311.11,4.2718557,2310.0,0.87260144,2309.61,0.00593303,2309.39,0.0021694,2307.89,0.02,2306.02,5.2395,2306.0,3.30468035,2305.0,5.0,2303.1,5.67280988,2300.24,3.0,2300.2,0.24,2300.05,5.7
2313.99,2313.99,0.6251577,2314.0,3.75894295,2316.0,0.4745245,2318.12,4.3116,2318.13,1.743,2318.45,0.04,2318.5,0.9996,2318.89,3.4965,2319.0,20.0,2319.76,3.0,2320.0,26.78590835,2320.2,0.5,2321.43,0.1,2322.98,6.993,2323.0,23.0,2311.51,1.46357,2311.5,0.25,2311.49,0.94687359,2311.11,4.2718557,2310.0,0.87260144,2309.61,0.00593303,2309.39,0.0021694,2307.89,0.02,2306.02,5.2395,2306.0,3.30468035,2305.0,5.0,2303.1,5.67280988,2300.24,3.0,2300.2,0.24,2300.05,5.7
2313.99,2313.99,0.6251577,2314.0,3.75894295,2316.0,0.4745245,2318.1,1.743,2318.12,4.3116,2318.45,0.04,2318.5,0.9996,2318.89,3.4965,2319.0,20.0,2319.76,3.0,2320.0,26.78590835,2320.2,0.5,2321.43,0.1,2322.98,6.993,2323.0,23.0,2311.51,1.46357,2311.5,0.25,2311.49,0.94687359,2311.11,4.2718557,2310.0,0.87260144,2309.61,0.00593303,2309.39,0.0021694,2307.89,0.02,2306.02,5.2395,2306.0,3.30468035,2305.0,5.0,2303.1,5.67280988,2300.24,3.0,2300.2,0.24,2300.05,5.7
2313.99,2313.99,0.6251577,2314.0,3.75894295,2316.0,0.4745245,2318.09,4.3144,2318.45,0.04,2318.5,0.9996,2318.98,3.4965,2319.0,20.0,2319.76,3.0,2320.0,26.78590835,2320.2,0.5,2321.43,0.1,2322.98,6.993,2323.0,23.0,2323.93,6.26869,2311.51,1.46357,2311.5,0.25,2311.49,0.94687359,2311.11,4.2718557,2310.0,0.87260144,2309.61,0.00593303,2309.39,0.0021694,2307.89,0.02,2306.02,5.2395,2306.0,3.30468035,2305.0,5.0,2303.1,5.67280988,2300.24,3.0,2300.2,0.24,2300.05,5.7
2313.99,2313.99,0.6251577,2314.0,3.75894295,2316.0,0.4745245,2318.07,1.743,2318.45,0.04,2318.49,4.3174,2318.5,0.9996,2318.98,3.4965,2319.0,20.0,2319.76,3.0,2320.0,26.78590835,2320.2,0.5,2321.43,0.1,2322.98,6.993,2323.0,23.0,2311.51,1.46357,2311.5,0.25,2311.49,0.94687359,2311.11,4.2718557,2310.0,0.87260144,2309.61,0.00593303,2309.39,0.0021694,2307.89,0.02,2306.02,5.2395,2306.0,3.30468035,2305.0,5.0,2303.1,5.67280988,2300.24,3.0,2300.2,0.24,2300.05,5.7
2313.99,2313.99,0.6251577,2314.0,3.75894295,2316.0,0.4745245,2318.07,1.743,2318.45,0.04,2318.47,3.4965,2318.49,4.3174,2318.5,0.9996,2319.0,20.0,2319.76,3.0,2320.0,26.78590835,2320.2,0.5,2321.43,0.1,2322.98,6.993,2323.0,23.0,2311.51,1.46357,2311.5,0.25,2311.49,0.94687359,2311.11,4.2718557,2310.0,0.87260144,2309.61,0.00593303,2309.39,0.0021694,2307.89,0.02,2306.02,5.2395,2306.0,3.30468035,2305.0,5.0,2303.1,5.67280988,2300.24,3.0,2300.2,0.24,2300.05,5.7
2313.99,2313.99,0.1949993,2314.0,3.75894295,2316.0,0.4745245,2318.04,1.743,2318.06,4.3103,2318.45,0.04,2318.5,0.9996,2318.98,3.4965,2319.0,20.0,2319.76,3.0,2320.0,26.78590835,2320.2,0.5,2321.43,0.1,2322.98,6.993,2323.0,23.0,2311.51,1.46357,2311.5,0.25,2311.49,0.94687359,2311.11,4.2718557,2310.0,0.87260144,2309.61,0.00593303,2309.39,0.0021694,2307.89,0.02,2306.02,5.2395,2306.0,3.30468035,2305.0,5.0,2303.1,5.67280988,2300.24,3.0,2300.2,0.24,2300.05,5.7
2313.99,2313.99,3.0,2314.0,3.75894295,2316.0,0.4745245,2318.03,4.3141,2318.04,1.743,2318.45,0.04,2318.5,0.9996,2318.98,3.4965,2319.0,20.0,2319.76,3.0,2320.0,26.78590835,2320.2,0.5,2321.43,0.1,2322.98,6.993,2323.0,23.0,2311.51,1.46357,2311.5,0.25,2311.49,0.94687359,2311.11,4.2718557,2310.0,0.87260144,2309.61,0.00593303,2309.39,0.0021694,2307.89,0.02,2306.02,5.2395,2306.0,3.30468035,2305.0,5.0,2303.1,5.67280988,2300.25,0.24,2300.24,3.0,2300.05,5.7
2313.99,2313.99,3.0,2314.0,3.75894295,2316.0,0.4745245,2318.01,1.743,2318.03,4.3141,2318.45,0.04,2318.5,0.9996,2318.98,3.4965,2319.0,20.0,2319.76,3.0,2320.0,26.78590835,2320.2,0.5,2321.43,0.1,2322.98,6.993,2323.0,23.0,2311.51,1.46357,2311.5,0.25,2311.49,0.94687359,2311.11,4.2718557,2310.0,0.87260144,2309.61,0.00593303,2309.39,0.0021694,2307.89,0.02,2306.02,5.2395,2306.0,3.30468035,2305.0,5.0,2303.1,5.67280988,2300.25,0.24,2300.24,3.0,2300.05,5.7
2313.99,2313.98,4.3187,2313.99,3.0,2314.0,3.75894295,2316.0,0.4745245,2318.01,1.743,2318.45,0.04,2318.5,0.9996,2318.98,3.4965,2319.0,20.0,2319.76,3.0,2320.0,26.78590835,2320.2,0.5,2321.43,0.1,2322.98,6.993,2323.0,23.0,2311.51,1.46357,2311.5,0.25,2311.49,0.94687359,2311.11,4.2718557,2310.0,0.87260144,2309.61,0.00593303,2309.39,0.0021694,2307.89,0.02,2306.02,5.2395,2306.0,3.30468035,2305.0,5.0,2303.1,5.67280988,2300.25,0.24,2300.24,3.0,2300.05,5.7
2313.99,2313.98,4.3187,2313.99,3.0,2314.0,3.75894295,2316.0,0.4745245,2318.45,0.04,2318.5,0.9996,2318.98,5.2395,2319.0,20.0,2319.76,3.0,2320.0,26.78590835,2320.2,0.5,2321.43,0.1,2322.98,6.993,2323.0,23.0,2323.93,6.26869,2311.51,1.46357,2311.5,0.25,2311.49,0.94687359,2311.11,4.2718557,2310.0,0.87260144,2309.61,0.00593303,2309.39,0.0021694,2307.89,0.02,2306.02,5.2395,2306.0,3.30468035,2305.0,5.0,2303.1,5.67280988,2300.25,0.24,2300.24,3.0,2300.05,5.7
2311.5,2311.5,8.28643,2313.98,4.3187,2313.99,3.0,2314.0,3.75894295,2316.0,0.4745245,2318.45,0.04,2318.5,0.9996,2318.98,5.2395,2319.0,20.0,2319.76,3.0,2320.0,26.78590835,2320.2,0.5,2321.43,0.1,2322.98,6.993,2323.0,23.0,2311.49,0.94687359,2311.11,4.2718557,2310.0,0.87260144,2309.61,0.00593303,2309.39,0.0021694,2307.89,0.02,2306.02,5.2395,2306.0,3.30468035,2305.0,5.0,2303.1,5.67280988,2300.25,0.24,2300.24,3.0,2300.05,5.7,2300.0,1.77362173,2298.7,0.2
2311.5,2311.5,7.0285665,2313.98,4.3187,2314.0,3.75894295,2316.0,0.4745245,2318.45,0.04,2318.5,0.9996,2318.98,5.2395,2319.0,20.0,2319.76,3.0,2320.0,26.78590835,2320.2,0.5,2321.43,0.1,2322.98,6.993,2323.0,23.0,2323.93,6.26869,2311.11,4.2718557,2310.94,0.94687359,2310.0,0.87260144,2309.61,0.00593303,2309.39,0.0021694,2307.89,0.02,2306.02,5.2395,2306.0,3.30468035,2305.0,5.0,2303.1,5.67280988,2300.25,0.24,2300.05,5.7,2300.0,1.77362173,2298.7,0.2,2295.83,0.5
2311.5,2311.5,10.0285665,2313.98,4.3187,2314.0,3.75894295,2316.0,0.4745245,2318.45,0.04,2318.5,0.9996,2318.98,5.2395,2319.0,20.0,2319.76,3.0,2320.0,26.78590835,2320.2,0.5,2321.43,0.1,2322.98,6.993,2323.0,23.0,2323.93,6.26869,2311.11,4.2718557,2310.07,0.94687359,2310.0,0.87260144,2309.61,0.00593303,2309.39,0.0021694,2307.89,0.02,2306.02,5.2395,2306.0,3.30468035,2305.0,5.0,2303.1,5.67280988,2300.29,3.0,2300.25,0.24,2300.05,5.7,2300.0,1.77362173,2298.7,0.2
2311.5,2311.5,10.0285665,2313.98,4.3187,2314.0,3.75894295,2316.0,0.4745245,2318.5,0.9996,2318.97,1.15,2318.98,5.2395,2319.0,20.0,2319.76,3.0,2320.0,26.78590835,2320.2,0.5,2321.43,0.1,2323.0,23.0,2323.93,6.26869,2324.66,0.37,2311.11,4.2718557,2310.07,0.94687359,2310.0,0.87260144,2309.61,0.00593303,2309.39,0.0021694,2307.89,0.02,2306.02,5.2395,2306.0,3.30468035,2305.0,5.0,2303.1,5.67280988,2300.29,3.0,2300.25,0.24,2300.05,5.7,2300.0,1.77362173,2298.7,0.2
2311.11,2311.08,4.5734612,2311.5,7.0285665,2313.98,4.3187,2314.0,3.75894295,2316.0,0.4745245,2317.24,0.04,2318.5,0.9996,2318.98,5.2395,2319.0,20.0,2319.76,3.0,2320.0,26.78590835,2320.2,0.5,2321.43,0.1,2323.0,23.0,2323.93,6.26869,2310.0,0.87260144,2309.61,0.00593303,2309.39,0.0021694,2307.89,0.02,2306.02,5.2395,2306.0,3.30468035,2305.0,5.0,2303.1,5.67280988,2300.29,3.0,2300.25,0.24,2300.05,5.7,2300.0,1.77362173,2298.7,0.2,2295.83,0.5,2295.29,0.10287
2311.11,2311.08,4.5734612,2311.5,7.0285665,2314.0,3.75894295,2316.0,0.4745245,2317.24,0.04,2318.5,0.9996,2318.98,5.2395,2319.0,20.0,2319.76,3.0,2320.0,26.78590835,2320.2,0.5,2321.43,0.1,2323.0,23.0,2323.93,6.26869,2324.66,0.37,2310.35,0.94687359,2310.0,0.87260144,2309.61,0.00593303,2309.39,0.0021694,2307.89,0.02,2306.02,5.2395,2306.0,3.30468035,2305.0,5.0,2303.1,5.67280988,2300.29,3.0,2300.25,0.24,2300.05,5.7,2300.0,1.77362173,2298.7,0.2,2295.83,0.5
2311.11,2311.08,4.5734612,2311.49,7.3206,2311.5,7.0285665,2311.53,0.0040749,2314.0,3.75894295,2316.0,0.4745245,2317.24,0.04,2318.5,0.9996,2318.96,0.687,2318.98,5.2395,2319.0,20.0,2319.76,3.0,2320.0,26.78590835,2320.2,0.5,2321.43,0.1,2310.0,0.87260144,2309.61,0.00593303,2309.45,0.94687359,2309.39,0.0021694,2307.89,0.02,2306.02,5.2395,2306.0,3.30468035,2305.0,5.0,2303.1,5.67280988,2300.29,3.0,2300.25,0.24,2300.05,5.7,2300.0,1.77362173,2298.7,0.2,2295.83,0.5
2311.11,2311.49,7.3206,2311.5,7.0285665,2311.53,0.0040749,2314.0,3.75894295,2316.0,0.4745245,2317.24,0.04,2318.5,0.9996,2318.96,0.687,2318.98,5.2395,2319.0,20.0,2319.76,3.0,2320.0,26.78590835,2320.2,0.5,2321.43,0.1,2323.0,23.0,2310.0,0.87260144,2309.7,0.94687359,2309.61,0.00593303,2309.39,0.0021694,2307.89,0.02,2306.02,5.2395,2306.0,3.30468035,2305.0,5.0,2303.1,5.67280988,2300.29,3.0,2300.25,0.24,2300.05,5.7,2300.0,1.77362173,2298.7,0.2,2295.83,0.5
2311.11,2311.49,7.3206,2311.5,7.0285665,2311.53,0.0040749,2314.0,3.75894295,2316.0,0.4745245,2317.24,0.04,2318.5,0.9996,2318.96,0.687,2318.98,5.2395,2319.0,20.0,2319.76,3.0,2320.0,26.78590835,2320.2,0.5,2321.43,0.1,2323.0,23.0,2310.0,0.87260144,2309.7,0.94687359,2309.61,0.00593303,2309.39,0.0021694,2307.89,0.02,2306.02,5.2395,2306.0,3.30468035,2305.0,5.0,2303.1,5.67280988,2300.29,3.0,2300.25,0.24,2300.05,5.7,2300.0,1.77362173,2298.7,0.2,2295.83,0.5
2311.11,2311.49,7.3206,2311.5,7.0285665,2311.53,0.0040749,2314.0,3.75894295,2316.0,0.4745245,2317.24,0.04,2318.5,0.9996,2318.94,3.4965,2318.96,0.687,2318.98,1.743,2319.0,20.0,2319.76,3.0,2320.0,26.78590835,2320.2,0.5,2321.43,0.1,2311.08,0.002519,2310.0,0.87260144,2309.61,0.00593303,2309.39,0.0021694,2307.89,0.02,2306.02,5.2395,2306.0,3.30468035,2305.0,5.0,2303.1,5.67280988,2300.29,3.0,2300.25,0.24,2300.05,5.7,2300.0,1.77362173,2298.7,0.2,2295.83,0.5
2311.11,2311.49,7.3206,2311.5,7.0285665,2311.53,0.0040749,2314.0,3.75894295,2316.0,0.4745245,2317.24,0.04,2318.5,0.9996,2318.94,3.4965,2318.96,0.687,2318.98,1.743,2319.0,20.0,2319.76,3.0,2320.0,26.78590835,2320.2,0.5,2321.43,0.1,2311.08,0.002519,2310.0,0.87260144,2309.61,0.00593303,2309.39,0.0021694,2309.02,0.94687359,2307.89,0.02,2306.02,5.2395,2306.0,3.30468035,2305.0,5.0,2303.1,5.67280988,2300.29,3.0,2300.25,0.24,2300.05,5.7,2300.0,1.77362173,2298.7,0.2
2311.11,2311.49,7.3206,2311.5,7.0285665,2311.53,0.0040749,2314.0,3.75894295,2316.0,0.4745245,2317.24,0.04,2318.5,0.9996,2318.91,1.743,2318.93,0.704,2318.94,3.4965,2319.0,20.0,2319.76,3.0,2320.0,26.78590835,2320.2,0.5,2321.43,0.1,2311.08,0.002519,2310.0,0.87260144,2309.61,0.00593303,2309.39,0.0021694,2307.89,0.02,2306.02,5.2395,2306.0,3.30468035,2305.0,5.0,2303.1,5.67280988,2300.29,3.0,2300.26,0.24,2300.05,5.7,2300.0,1.77362173,2298.7,0.2,2295.83,0.5
2311.11,2311.49,7.3206,2311.5,7.0285665,2311.53,0.0040749,2314.0,3.75894295,2316.0,0.4745245,2317.24,0.04,2318.5,0.9996,2318.91,1.743,2318.93,0.704,2318.94,3.4965,2319.0,20.0,2319.76,3.0,2320.0,26.78590835,2320.2,0.5,2321.43,0.1,2311.08,0.002519,2310.0,0.87260144,2309.61,0.00593303,2309.39,0.0021694,2309.36,0.94687359,2307.89,0.02,2306.02,5.2395,2306.0,3.30468035,2305.0,5.0,2303.1,5.67280988,2300.29,3.0,2300.26,0.24,2300.05,5.7,2300.0,1.77362173,2298.7,0.2
2311.11,2311.49,7.3206,2311.5,7.0285665,2311.53,0.0040749,2314.0,3.75894295,2316.0,0.4745245,2317.24,0.04,2318.5,0.9996,2318.9,0.692,2318.91,1.743,2318.94,3.4965,2319.0,20.0,2320.0,26.78590835,2320.2,0.5,2321.43,0.1,2323.0,23.0,2311.08,0.002519,2310.0,0.87260144,2309.61,0.00593303,2309.39,0.0021694,2309.36,0.94687359,2307.89,0.02,2306.02,5.2395,2306.0,3.30468035,2305.0,5.0,2303.1,5.67280988,2300.29,3.0,2300.26,0.24,2300.05,5.7,2300.0,1.77362173,2298.7,0.2
2311.11,2311.49,7.3206,2311.5,7.0285665,2311.53,0.0040749,2314.0,3.75894295,2316.0,0.4745245,2317.24,0.04,2318.5,0.9996,2318.9,0.692,2318.91,1.743,2318.94,3.4965,2318.99,0.589,2319.0,20.0,2319.51,3.0,2320.0,26.78590835,2320.2,0.5,2311.08,0.002519,2310.0,0.87260144,2309.61,0.00593303,2309.39,0.0021694,2309.36,0.94687359,2307.89,0.02,2306.02,5.2395,2306.0,3.30468035,2305.0,5.0,2303.1,5.67280988,2300.29,3.0,2300.26,0.24,2300.05,5.7,2300.0,1.77362173,2298.7,0.2
2311.11,2311.49,7.3206,2311.5,7.0285665,2311.53,0.0040749,2314.0,3.75894295,2316.0,0.4745245,2317.24,0.04,2318.5,0.9996,2318.9,0.692,2318.91,1.743,2318.94,3.4965,2318.99,0.589,2319.0,20.0,2319.51,3.0,2320.0,26.78590835,2320.2,0.5,2311.08,0.002519,2310.0,0.87260144,2309.61,0.00593303,2309.39,0.0021694,2307.89,0.02,2306.02,5.2395,2306.0,3.30468035,2305.0,5.0,2303.1,5.67280988,2300.29,3.0,2300.26,0.24,2300.05,5.7,2300.0,1.77362173,2298.7,0.2,2295.83,0.5
2311.11,2311.49,7.3206,2311.5,7.0285665,2311.53,0.0040749,2314.0,3.75894295,2316.0,0.4745245,2317.24,0.04,2318.5,0.9996,2318.9,0.692,2318.91,1.743,2318.94,3.4965,2319.0,20.0,2319.51,3.0,2320.0,26.78590835,2320.2,0.5,2321.43,0.1,2311.08,0.002519,2310.0,0.87260144,2309.61,0.00593303,2309.39,0.0021694,2309.32,0.94687359,2307.89,0.02,2306.02,5.2395,2306.0,3.30468035,2305.0,5.0,2303.1,5.67280988,2300.29,3.0,2300.26,0.24,2300.05,5.7,2300.0,1.77362173,2298.7,0.2
2311.11,2311.49,7.3206,2311.5,7.0285665,2311.53,0.0040749,2314.0,3.75894295,2316.0,0.4745245,2317.24,0.04,2318.5,0.9996,2318.9,0.692,2318.91,1.743,2318.94,3.4965,2318.98,0.498,2319.0,20.0,2319.51,3.0,2320.0,26.78590835,2320.2,0.5,2311.08,0.002519,2310.0,0.87260144,2309.61,0.00593303,2309.39,0.0021694,2309.32,0.94687359,2307.89,0.02,2306.02,5.2395,2306.0,3.30468035,2305.0,5.0,2303.1,5.67280988,2300.29,3.0,2300.26,0.24,2300.05,5.7,2300.0,1.77362173,2298.7,0.2
2311.11,2311.49,7.3206,2311.5,7.0285665,2311.53,0.0040749,2314.0,3.75894295,2316.0,0.4745245,2317.24,0.04,2318.5,0.9996,2318.9,0.692,2318.91,1.743,2318.94,3.4965,2318.98,0.498,2319.0,20.0,2319.51,3.0,2320.0,26.78590835,2320.2,0.5,2311.08,0.002519,2310.0,0.87260144,2309.61,0.00593303,2309.39,0.0021694,2309.32,0.94687359,2307.89,0.02,2306.02,5.2395,2306.0,3.30468035,2305.0,5.0,2303.1,5.67280988,2300.29,3.0,2300.26,0.24,2300.05,5.7,2300.0,1.77362173,2298.7,0.2
2311.11,2311.49,7.3206,2311.5,7.0285665,2311.53,0.0040749,2314.0,3.75894295,2316.0,0.4745245,2318.5,0.9996,2318.9,0.692,2318.91,1.743,2318.94,3.4965,2318.98,0.498,2319.0,20.0,2319.51,3.0,2320.0,26.78590835,2320.2,0.5,2321.43,0.1,2311.08,0.002519,2310.0,0.87260144,2309.61,0.00593303,2309.39,0.0021694,2309.32,0.94687359,2307.89,0.02,2306.02,5.2395,2306.0,3.30468035,2305.0,5.0,2303.1,5.67280988,2300.29,3.0,2300.05,5.7,2300.0,1.77362173,2298.7,0.2,2295.83,0.5
2311.49,2311.49,7.14047581,2311.5,7.0285665,2311.53,0.0040749,2314.0,3.75894295,2316.0,0.4745245,2318.5,0.9996,2318.9,0.692,2318.91,1.743,2318.94,3.4965,2318.98,0.498,2319.0,20.0,2319.51,3.0,2320.0,26.78590835,2320.2,0.5,2321.42,0.37,2311.08,0.002519,2310.0,0.87260144,2309.61,0.00593303,2307.89,0.02,2306.02,5.2395,2306.0,3.30468035,2305.0,5.0,2303.1,5.67280988,2300.29,3.0,2300.05,5.7,2300.0,1.77362173,2298.7,0.2,2295.84,0.24,2295.29,0.10287,2295.0,1.40055519
2311.49,2311.49,7.05025081,2311.5,7.0285665,2311.53,0.0040749,2314.0,3.75894295,2316.0,0.4745245,2318.5,0.9996,2318.9,0.692,2318.91,1.743,2318.94,3.4965,2318.98,0.498,2319.0,20.0,2319.51,3.0,2320.0,26.78590835,2320.2,0.5,2321.42,0.37,2311.08,0.002519,2310.0,0.87260144,2309.61,0.00593303,2307.89,0.02,2306.02,5.2395,2306.0,3.30468035,2305.0,5.0,2303.1,5.67280988,2300.05,5.7,2300.0,1.77362173,2298.7,0.2,2295.84,0.24,2295.29,0.10287,2295.0,1.40055519,2290.21,1.975
2311.49,2311.49,7.05025081,2311.5,7.0285665,2311.53,0.0040749,2314.0,3.75894295,2316.0,0.4745245,2318.5,0.9996,2318.9,0.692,2318.91,1.743,2318.94,3.4965,2318.98,0.498,2319.0,20.0,2319.51,3.0,2320.0,26.78590835,2320.2,0.5,2321.42,0.37,2311.08,0.002519,2310.0,0.87260144,2309.86,0.94687359,2309.61,0.00593303,2308.31,0.00217042,2307.89,0.02,2306.02,5.2395,2306.0,3.30468035,2305.0,5.0,2303.1,5.67280988,2300.05,5.7,2300.0,1.77362173,2298.7,0.2,2295.84,0.24,2295.29,0.10287
2311.49,2311.49,7.05025081,2311.5,7.0285665,2311.53,0.0040749,2314.0,3.75894295,2316.0,0.4745245,2318.5,0.9996,2318.9,0.692,2319.0,20.0,2319.51,3.0,2320.0,26.78590835,2320.2,0.5,2321.42,0.37,2321.43,0.1,2322.98,6.993,2323.0,23.0,2311.08,0.002519,2310.09,0.94687359,2310.0,0.87260144,2309.61,0.00593303,2308.31,0.00217042,2307.89,0.02,2306.02,5.2395,2306.0,3.30468035,2305.0,5.0,2303.1,5.67280988,2300.05,5.7,2300.0,1.77362173,2299.69,3.0,2298.7,0.2,2295.84,0.24
2311.49,2311.49,7.05025081,2311.5,7.0285665,2311.53,0.0040749,2314.0,3.75894295,2316.0,0.4745245,2318.5,0.9996,2318.88,5.2395,2318.9,0.692,2318.97,0.321,2319.0,20.0,2319.51,3.0,2320.0,26.78590835,2320.2,0.5,2321.42,0.37,2321.43,0.1,2311.08,0.002519,2310.13,0.94687359,2310.0,0.87260144,2309.61,0.00593303,2308.31,0.00217042,2307.89,0.02,2306.02,5.2395,2306.0,3.30468035,2305.0,5.0,2303.1,5.67280988,2300.05,5.7,2300.0,1.77362173,2299.69,3.0,2298.7,0.2,2295.84,0.24
2311.49,2311.49,7.05025081,2311.5,7.0285665,2311.53,0.0040749,2314.0,3.75894295,2316.0,0.4745245,2318.5,0.9996,2318.87,0.969,2318.88,5.2395,2318.9,0.692,2318.97,0.321,2319.0,20.0,2319.51,3.0,2320.0,26.78590835,2320.2,0.5,2321.42,0.37,2311.08,0.002519,2310.0,0.87260144,2309.61,0.00593303,2308.31,0.00217042,2307.89,0.02,2306.02,5.2395,2306.0,3.30468035,2305.0,5.0,2303.1,5.67280988,2300.05,5.7,2300.0,1.77362173,2299.69,3.0,2298.7,0.2,2295.84,0.24,2295.29,0.10287
2311.49,2311.49,7.05025081,2311.5,7.0285665,2311.53,0.0040749,2316.0,0.4745245,2318.5,0.9996,2318.87,0.969,2318.88,5.2395,2319.0,20.0,2319.51,3.0,2320.0,26.78590835,2320.2,0.5,2321.42,0.37,2321.43,0.1,2322.98,6.993,2323.0,23.0,2311.08,0.002519,2310.33,0.94687359,2310.0,0.87260144,2309.61,0.00593303,2308.31,0.00217042,2307.89,0.02,2306.02,5.2395,2306.0,3.30468035,2305.0,5.0,2303.1,5.67280988,2300.05,5.7,2300.0,1.77362173,2299.69,3.0,2298.7,0.2,2295.84,0.24
2311.49,2311.49,7.05025081,2311.5,7.0285665,2311.53,0.0040749,2316.0,0.4745245,2318.5,0.9996,2318.86,0.399,2318.88,5.2395,2319.0,20.0,2319.5,0.522,2319.51,3.0,2320.0,26.78590835,2320.2,0.5,2321.42,0.37,2321.43,0.1,2322.98,6.993,2311.08,0.002519,2310.33,0.94687359,2310.0,0.87260144,2309.61,0.00593303,2308.31,0.00217042,2307.89,0.02,2306.02,5.2395,2306.0,3.30468035,2305.0,5.0,2303.1,5.67280988,2300.05,5.7,2300.0,1.77362173,2299.69,3.0,2298.7,0.2,2295.84,0.24
2311.49,2311.49,7.05025081,2311.5,7.0285665,2311.53,0.0040749,2316.0,0.4745245,2318.5,0.9996,2318.86,0.399,2318.88,5.2395,2319.0,20.0,2319.5,0.522,2319.51,3.0,2320.0,26.78590835,2320.2,0.5,2321.42,0.37,2321.43,0.1,2322.98,6.993,2311.08,0.002519,2310.0,0.87260144,2309.61,0.00593303,2308.31,0.00217042,2307.89,0.02,2306.02,5.2395,2306.0,3.30468035,2305.0,5.0,2303.1,5.67280988,2300.05,5.7,2300.0,1.77362173,2299.69,3.0,2298.7,0.2,2295.84,0.24,2295.29,0.10287
2311.49,2311.49,7.05025081,2311.5,7.0285665,2311.53,0.0040749,2316.0,0.4745245,2318.5,0.9996,2318.86,0.399,2318.88,5.2395,2319.0,20.0,2319.5,0.522,2320.0,26.78590835,2320.2,0.5,2321.42,0.37,2321.43,0.1,2322.98,6.993,2323.0,23.0,2311.08,0.002519,2310.07,0.94687359,2310.0,0.87260144,2309.61,0.00593303,2308.31,0.00217042,2307.89,0.02,2306.02,5.2395,2306.0,3.30468035,2305.0,5.0,2303.1,5.67280988,2300.05,5.7,2300.0,1.77362173,2299.69,3.0,2298.7,0.2,2295.84,0.24
2311.49,2311.49,7.00135254,2311.5,7.0285665,2311.53,0.0040749,2316.0,0.4745245,2318.5,0.9996,2318.86,0.399,2318.88,5.2395,2319.0,20.0,2319.46,3.0,2319.5,0.522,2320.0,26.78590835,2320.2,0.5,2321.42,0.37,2321.43,0.1,2322.98,6.993,2311.08,0.002519,2310.0,0.87260144,2309.61,0.00593303,2308.31,0.00217042,2307.89,0.02,2306.02,5.2395,2306.0,3.30468035,2305.0,5.0,2303.1,5.67280988,2300.05,5.7,2300.0,1.77362173,2299.69,3.0,2298.7,0.2,2295.84,0.24,2295.29,0.10287
2311.49,2311.49,7.00135254,2311.5,7.0285665,2311.53,0.0040749,2316.0,0.4745245,2318.5,0.9996,2318.86,0.399,2318.88,5.2395,2319.0,20.0,2319.5,0.522,2320.0,26.78590835,2320.2,0.5,2321.42,0.37,2321.43,0.1,2322.98,6.993,2323.0,23.0,2311.08,0.002519,2310.0,0.87260144,2309.61,0.00593303,2308.31,0.00217042,2307.89,0.02,2306.02,5.2395,2306.0,3.30468035,2305.0,5.0,2303.1,5.67280988,2300.07,6.993,2300.05,5.7,2300.0,1.77362173,2299.69,3.0,2298.7,0.2,2295.84,0.24
2311.49,2311.49,7.00135254,2311.5,7.0285665,2311.53,0.0040749,2316.0,0.4745245,2318.5,0.9996,2318.82,3.0,2318.86,0.399,2319.0,20.0,2320.0,26.78590835,2320.2,0.5,2321.42,0.37,2321.43,0.1,2322.98,6.993,2323.0,23.0,2323.93,6.26869,2311.08,0.002519,2310.0,0.87260144,2309.61,0.00593303,2308.31,0.00217042,2307.89,0.02,2306.02,5.2395,2306.0,3.30468035,2305.0,5.0,2303.1,5.67280988,2300.07,6.993,2300.05,5.7,2300.0,1.77362173,2299.69,3.0,2298.7,0.2,2295.84,0.24
2311.49,2311.49,4.00135254,2311.5,7.0285665,2311.53,0.0040749,2311.63,3.0,2316.0,0.4745245,2318.48,1.743,2318.5,0.9996,2318.8,3.4965,2318.82,3.0,2318.86,0.399,2319.0,20.0,2320.0,26.78590835,2320.2,0.5,2321.42,0.37,2321.43,0.1,2311.08,0.002519,2310.43,0.94687359,2310.0,0.37260144,2309.61,0.00593303,2308.31,0.00217042,2307.89,0.02,2306.02,5.2395,2306.0,3.30468035,2305.0,5.0,2303.1,5.67280988,2300.07,6.993,2300.05,5.7,2300.0,1.77362173,2298.7,0.2,2295.84,0.24
2311.49,2311.49,4.00135254,2311.5,7.0285665,2316.0,0.4745245,2318.48,1.743,2318.5,0.9996,2318.8,3.4965,2318.81,0.365,2319.0,20.0,2319.56,3.0,2320.0,26.78590835,2320.2,0.5,2321.42,0.37,2321.43,0.1,2322.98,6.993,2323.0,23.0,2311.08,0.002519,2310.0,0.37260144,2309.61,0.00593303,2308.31,0.00217042,2307.89,0.02,2306.02,5.2395,2306.0,3.30468035,2305.0,5.0,2303.1,5.67280988,2300.07,6.993,2300.05,5.7,2300.0,1.77362173,2298.7,0.2,2295.84,0.24,2295.29,0.10287
2311.49,2311.48,3.0,2311.49,4.00135254,2311.5,7.0285665,2316.0,0.4745245,2318.48,1.743,2318.5,0.9996,2318.79,0.393,2318.8,3.4965,2319.0,20.0,2319.56,3.0,2320.0,26.78590835,2320.2,0.5,2321.42,0.37,2321.43,0.1,2322.98,6.993,2311.08,0.002519,2310.23,0.94687359,2310.0,0.37260144,2309.61,0.00593303,2308.31,0.00217042,2307.89,0.02,2306.02,5.2395,2306.0,3.30468035,2305.0,5.0,2303.1,5.67280988,2300.07,6.993,2300.05,5.7,2300.0,1.77362173,2298.7,0.2,2295.84,0.24
